ID,Código,id,Posición,Precio,Año inicio,Año fin,Versión,Img_url
1,50,1podUxCSWIwh55KTCKGkN37lOTPojVhz0,0,,1994,1998,ORIG,https://drive.google.com/file/d/1podUxCSWIwh55KTCKGkN37lOTPojVhz0/view?usp=drivesdk
2,51,1e4FzQEPZsdsSmAfeAwMzdLsf3N9HdQ7O,1,,1994,1998,REF,https://drive.google.com/file/d/1e4FzQEPZsdsSmAfeAwMzdLsf3N9HdQ7O/view?usp=drivesdk
3,52,1-2RPxUvnI8XRnM3k9-Wr7JEx9_J-8SVF,0,,1993,1999,ORIG,https://drive.google.com/file/d/1-2RPxUvnI8XRnM3k9-Wr7JEx9_J-8SVF/view?usp=drivesdk
4,54,15Ov6YvLZwNVbiO8aVnzR1V-ekLAUBu2c,1,,1993,1999,REF,https://drive.google.com/file/d/15Ov6YvLZwNVbiO8aVnzR1V-ekLAUBu2c/view?usp=drivesdk
5,59,1AlwPR_fnsMnKCJT-k1k13SRSQxDot7l5,1,,2009,2012,ORIG/GLP,https://drive.google.com/file/d/1AlwPR_fnsMnKCJT-k1k13SRSQxDot7l5/view?usp=drivesdk
6,60,1CVTI6XVj69xRjAv_ZxhAM2klIsczLFDk,1,,1987,1993,ORIG,https://drive.google.com/file/d/1CVTI6XVj69xRjAv_ZxhAM2klIsczLFDk/view?usp=drivesdk
7,61,1bdRAaJEaQAPNKVgpbZc380DUe_PXuqaB,0,,1977,1981,ORIG,https://drive.google.com/file/d/1bdRAaJEaQAPNKVgpbZc380DUe_PXuqaB/view?usp=drivesdk
8,64,1lcMLHeMNnm173EdxSo4Ji04dl6Fh-Nq6,1,,2009,2012,GNV (2TQ),https://drive.google.com/file/d/1lcMLHeMNnm173EdxSo4Ji04dl6Fh-Nq6/view?usp=drivesdk
9,65,1abiqF0DC4fZyDLYtol4GYwD8Ejy2dQvM,1,,1992,1999,GNV (5),https://drive.google.com/file/d/1abiqF0DC4fZyDLYtol4GYwD8Ejy2dQvM/view?usp=drivesdk
10,66,1TSSkJ20tZuhuTlmrrw5kkGtCEOBq7m98,0,,1992,1999,ORIG,https://drive.google.com/file/d/1TSSkJ20tZuhuTlmrrw5kkGtCEOBq7m98/view?usp=drivesdk
11,67,1ZF3LJOsJZKDqUA_QQmxiaAfSAReM5hP4,0,,1991,2000,ORIG,https://drive.google.com/file/d/1ZF3LJOsJZKDqUA_QQmxiaAfSAReM5hP4/view?usp=drivesdk
12,72,1-MJNY7Qhd8iaRB65zCBv8NtUBZc9Wynt,0,,1980,1987,ORIG,https://drive.google.com/file/d/1-MJNY7Qhd8iaRB65zCBv8NtUBZc9Wynt/view?usp=drivesdk
13,73,1CuweFBiP-dyLJW4YBQXTAZDfvwzNUh6M,0,,1992,2000,ORIG,https://drive.google.com/file/d/1CuweFBiP-dyLJW4YBQXTAZDfvwzNUh6M/view?usp=drivesdk
14,74,1zjmoQqIiXoDB5KVkX6tO1lmNjG9vEffm,1,,1992,2000,ORIG,https://drive.google.com/file/d/1zjmoQqIiXoDB5KVkX6tO1lmNjG9vEffm/view?usp=drivesdk
15,78,1plo4_ROma3yTYUAHPQYHbNTSTAK48StZ,1,,1987,1994,GLP,https://drive.google.com/file/d/1plo4_ROma3yTYUAHPQYHbNTSTAK48StZ/view?usp=drivesdk
16,80,1wIz9e_PFp6jVVNUVBn5zFjlcnUINuvcA,1,,1989,1994,ORIG,https://drive.google.com/file/d/1wIz9e_PFp6jVVNUVBn5zFjlcnUINuvcA/view?usp=drivesdk
17,86,16MDluzH5x_zH18VLsuKlkDVLRI2llCQJ,0,,1994,1998,ORIG,https://drive.google.com/file/d/16MDluzH5x_zH18VLsuKlkDVLRI2llCQJ/view?usp=drivesdk
18,87,1MzOmTVyEyqeRwm1qrMK6pxp50__Z_vCt,0,,1998,2004,ORIG,https://drive.google.com/file/d/1MzOmTVyEyqeRwm1qrMK6pxp50__Z_vCt/view?usp=drivesdk
19,90,1w4yw1cHJyUwovX2S3qRtfi-AbNdTqTCU,0,,1992,1997,REF,https://drive.google.com/file/d/1w4yw1cHJyUwovX2S3qRtfi-AbNdTqTCU/view?usp=drivesdk
20,91,1BGegMRBrP2BILlLcOxown76xfJ2S3FNF,1,,1992,1997,GNV (4),https://drive.google.com/file/d/1BGegMRBrP2BILlLcOxown76xfJ2S3FNF/view?usp=drivesdk
21,92,1Nmzhgke3mNI25pFFcUFPYL0UNMe1id59,1,,2000,2005,GNV (5),https://drive.google.com/file/d/1Nmzhgke3mNI25pFFcUFPYL0UNMe1id59/view?usp=drivesdk
22,93,1laq3Xz9g4hNzyVglrJQc6Xx3QvMoDBhj,0,,1995,2003,ORIG,https://drive.google.com/file/d/1laq3Xz9g4hNzyVglrJQc6Xx3QvMoDBhj/view?usp=drivesdk
23,445,1MoXNBlMYBuNra3p-ghULNLzpVQsYanFU,0,,1992,1998,ORIG,https://drive.google.com/file/d/1MoXNBlMYBuNra3p-ghULNLzpVQsYanFU/view?usp=drivesdk
24,447,1AH1CsXb3rgNC02QQCHaNN9XFgvgrn2oU,0,,1992,2000,ORIG,https://drive.google.com/file/d/1AH1CsXb3rgNC02QQCHaNN9XFgvgrn2oU/view?usp=drivesdk
25,449,1hCvRAkeo4W_HAaADnvMr96RJsYNe-33z,1,,1993,2000,GNV (4),https://drive.google.com/file/d/1hCvRAkeo4W_HAaADnvMr96RJsYNe-33z/view?usp=drivesdk
26,452,1kQ-zCDZUjWMWyPQPT8zgR1yPeUAo-wjz,0,,1970,1979,ORIG,https://drive.google.com/file/d/1kQ-zCDZUjWMWyPQPT8zgR1yPeUAo-wjz/view?usp=drivesdk
27,454,18yzHNbqw-W-6LF2z5wlvea5ilEsmG7nA,0,,1980,1982,ORIG,https://drive.google.com/file/d/18yzHNbqw-W-6LF2z5wlvea5ilEsmG7nA/view?usp=drivesdk
28,455,1Bc5wq4543CPGYDNBkLy977wXl4bS2I1L,0,,1983,1987,ORIG,https://drive.google.com/file/d/1Bc5wq4543CPGYDNBkLy977wXl4bS2I1L/view?usp=drivesdk
29,460,11tyIKSvQHD5MfMIvGnVsWXSSE9EBNt37,1,,1992,1997,REF,https://drive.google.com/file/d/11tyIKSvQHD5MfMIvGnVsWXSSE9EBNt37/view?usp=drivesdk
30,462,1n8A_JuFgsn6mXUzv77FtBycKbef3AA-G,1,,1984,1988,REF,https://drive.google.com/file/d/1n8A_JuFgsn6mXUzv77FtBycKbef3AA-G/view?usp=drivesdk
31,464,1NxK7awMvR9L-22dhfmeV2eRjrrd654Gv,0,,1990,1999,REF,https://drive.google.com/file/d/1NxK7awMvR9L-22dhfmeV2eRjrrd654Gv/view?usp=drivesdk
32,465,1RSPNOwM8lIIzfCzb8qQVdwg2XaA6gVxA,0,,1990,1999,REF,https://drive.google.com/file/d/1RSPNOwM8lIIzfCzb8qQVdwg2XaA6gVxA/view?usp=drivesdk
33,466,1J7PpJBs2ViQVK48zARroaexsWcPMt0qK,1,,1990,1999,GLP,https://drive.google.com/file/d/1J7PpJBs2ViQVK48zARroaexsWcPMt0qK/view?usp=drivesdk
34,467,1wV7TjW7aQGMbGMly9k7rDZGhBteEB6Ii,1,,1990,1999,GNV (4-5),https://drive.google.com/file/d/1wV7TjW7aQGMbGMly9k7rDZGhBteEB6Ii/view?usp=drivesdk
35,479,1eYczfDlE0vwBYXKmxMppOMkmbLrbDIs_,1,,1984,1992,REF,https://drive.google.com/file/d/1eYczfDlE0vwBYXKmxMppOMkmbLrbDIs_/view?usp=drivesdk
36,480,1MsGHmwndEEFAcbq0s6O2fROa7Xy9yWLw,0,,1984,1992,REF,https://drive.google.com/file/d/1MsGHmwndEEFAcbq0s6O2fROa7Xy9yWLw/view?usp=drivesdk
37,481,1pLuwHev3KJX8new_bzg8G7xH0-gxC_oj,1,,1995,1999,ORIG,https://drive.google.com/file/d/1pLuwHev3KJX8new_bzg8G7xH0-gxC_oj/view?usp=drivesdk
38,482,1Co6rmjD15WrcNWDSta72fAv-R7niIXZo,0,,1996,1999,ORIG,https://drive.google.com/file/d/1Co6rmjD15WrcNWDSta72fAv-R7niIXZo/view?usp=drivesdk
39,483,1Wt2pS0fj-WsB4PdKPTqDraSX00ZyAiV2,1,,1990,2006,GNV (1TQ),https://drive.google.com/file/d/1Wt2pS0fj-WsB4PdKPTqDraSX00ZyAiV2/view?usp=drivesdk
40,484,1iJIEI69ucA4glBgC03QfeWCtSry2X6io,1,,1990,2006,ORIG/GLP,https://drive.google.com/file/d/1iJIEI69ucA4glBgC03QfeWCtSry2X6io/view?usp=drivesdk
41,485,1VfDPcZZJrVwBy4nTHNXsFJNZyzDfpvAd,1,,1990,1999,ORIG,https://drive.google.com/file/d/1VfDPcZZJrVwBy4nTHNXsFJNZyzDfpvAd/view?usp=drivesdk
42,486,1YAYnFyo9J5L-VRF_Xl-LexheESofKJqD,0,,1983,1989,ORIG,https://drive.google.com/file/d/1YAYnFyo9J5L-VRF_Xl-LexheESofKJqD/view?usp=drivesdk
43,488,1nnti3uceNzEZt27yWvbU3nDG-CKWjEsV,0,,1983,1989,ORIG,https://drive.google.com/file/d/1nnti3uceNzEZt27yWvbU3nDG-CKWjEsV/view?usp=drivesdk
44,489,1x9mTaSGZsE3d_2FW903IDG604zYgYVHC,1,,1983,1989,ORIG,https://drive.google.com/file/d/1x9mTaSGZsE3d_2FW903IDG604zYgYVHC/view?usp=drivesdk
45,490,1rNf0o3-vzhrRvzFkEm1EqfReNcC-h8QL,1,,1983,1989,GNV (4),https://drive.google.com/file/d/1rNf0o3-vzhrRvzFkEm1EqfReNcC-h8QL/view?usp=drivesdk
46,491,1vikTXH4uyHh84MmnMudj1bI0fl29f_gA,0,,1987,1994,ORIG,https://drive.google.com/file/d/1vikTXH4uyHh84MmnMudj1bI0fl29f_gA/view?usp=drivesdk
47,492,1j9xDwbp0q50ylYV0G-0MeDzu6XIlmdo4,0,,1990,1999,REF,https://drive.google.com/file/d/1j9xDwbp0q50ylYV0G-0MeDzu6XIlmdo4/view?usp=drivesdk
48,493,1RZvXOsdOiwy8nq6LqF7iAZswjQf5Ien_,1,,1987,1994,GNV (3-4),https://drive.google.com/file/d/1RZvXOsdOiwy8nq6LqF7iAZswjQf5Ien_/view?usp=drivesdk
49,494,1IaQ4oR9hoeMeemqtNIJ20r4MYVM1FaJv,1,,1995,1999,ORIG/GLP,https://drive.google.com/file/d/1IaQ4oR9hoeMeemqtNIJ20r4MYVM1FaJv/view?usp=drivesdk
50,495,12TmCBicqYNNHqwZzF4bPjxO3uBvEYWrU,1,,1995,1999,GNV (5),https://drive.google.com/file/d/12TmCBicqYNNHqwZzF4bPjxO3uBvEYWrU/view?usp=drivesdk
51,496,1ihM3mp6wD2qq0zj8X4l7SIRuG6Nd6iE1,0,,2000,2006,REF,https://drive.google.com/file/d/1ihM3mp6wD2qq0zj8X4l7SIRuG6Nd6iE1/view?usp=drivesdk
52,497,1gRMWxCQ3XikUhyeVYnyRBmPIVs0xY_cM,0,,2000,2006,ORIG,https://drive.google.com/file/d/1gRMWxCQ3XikUhyeVYnyRBmPIVs0xY_cM/view?usp=drivesdk
53,498,1q1s3P0MLSnxooCLWxB3dNnSb27TsQO0p,1,,2000,2006,GNV (4),https://drive.google.com/file/d/1q1s3P0MLSnxooCLWxB3dNnSb27TsQO0p/view?usp=drivesdk
54,499,1J8dcgR0L7d2jfAzHOfFkWFa_U6ydUnxX,0,,1990,1999,REF,https://drive.google.com/file/d/1J8dcgR0L7d2jfAzHOfFkWFa_U6ydUnxX/view?usp=drivesdk
55,500,1pFKuf7SVJ6u6zcTr_3a7ldmE1Q8tbBqO,1,,1990,1999,GNV (5),https://drive.google.com/file/d/1pFKuf7SVJ6u6zcTr_3a7ldmE1Q8tbBqO/view?usp=drivesdk
56,501,13minuQIiYvfVw5mTeC4nuYQOeFVSiQMZ,0,,1992,1997,ORIG,https://drive.google.com/file/d/13minuQIiYvfVw5mTeC4nuYQOeFVSiQMZ/view?usp=drivesdk
57,502,1jNi2ZEi7weIxIVEStMoQ9L1v6B85U8Ot,1,,1993,2000,ORIG/GLP,https://drive.google.com/file/d/1jNi2ZEi7weIxIVEStMoQ9L1v6B85U8Ot/view?usp=drivesdk
58,503,1WhTlW2Epw08m5zPdQIR_AzUfBFvORXdQ,1,,1985,1988,ORIG/GLP,https://drive.google.com/file/d/1WhTlW2Epw08m5zPdQIR_AzUfBFvORXdQ/view?usp=drivesdk
59,504,1rM4WWzAQmnJ7M4MUv_UTiLdgsdUPCF3i,1,,1999,2005,GNV (4-5),https://drive.google.com/file/d/1rM4WWzAQmnJ7M4MUv_UTiLdgsdUPCF3i/view?usp=drivesdk
60,505,1ezY9phqK9AoYqyfKXq8u0JKCsh6xztVI,1,,1999,2005,ORIG/GLP,https://drive.google.com/file/d/1ezY9phqK9AoYqyfKXq8u0JKCsh6xztVI/view?usp=drivesdk
61,506,1_xs9udzGYNIgXj0RjOkHTXtZktbQFsKS,1,,1987,1992,ORIG,https://drive.google.com/file/d/1_xs9udzGYNIgXj0RjOkHTXtZktbQFsKS/view?usp=drivesdk
62,507,1VJuYX9E2wLSvRLx9-kxcwD1DoZCcMZ8y,0,,1991,1996,REF,https://drive.google.com/file/d/1VJuYX9E2wLSvRLx9-kxcwD1DoZCcMZ8y/view?usp=drivesdk
63,509,1SxM-GJf-etjWWZN4lFfOU1xRx6ZUZZ7Q,0,,1990,1993,ORIG,https://drive.google.com/file/d/1SxM-GJf-etjWWZN4lFfOU1xRx6ZUZZ7Q/view?usp=drivesdk
64,510,1PjGfqvV3nEOUXf5NSMB1yQJU46qdTtbU,1,,1980,1987,ORIG,https://drive.google.com/file/d/1PjGfqvV3nEOUXf5NSMB1yQJU46qdTtbU/view?usp=drivesdk
65,512,1PXAyxMOP_rOzK3GaqxgxvG8fw2qOI7r_,1,,1997,2007,REF,https://drive.google.com/file/d/1PXAyxMOP_rOzK3GaqxgxvG8fw2qOI7r_/view?usp=drivesdk
66,514,13r9MGLPUYZGQ4IKnk37uu4evsl-AY6_a,1,,1991,1999,ORIG,https://drive.google.com/file/d/13r9MGLPUYZGQ4IKnk37uu4evsl-AY6_a/view?usp=drivesdk
67,515,1HiM37Eb6BAYJi07lK7f120WZd19zPfTD,1,,1994,1998,REF,https://drive.google.com/file/d/1HiM37Eb6BAYJi07lK7f120WZd19zPfTD/view?usp=drivesdk
68,516,1sBywQJH0ZoYOqzoK47R7vZ9d3R0GTtlm,1,,1995,1999,REF,https://drive.google.com/file/d/1sBywQJH0ZoYOqzoK47R7vZ9d3R0GTtlm/view?usp=drivesdk
69,518,1rtlrEQ33RInyAVr6FfrgctTeIVjhJuOX,1,,1996,1999,GNV (4),https://drive.google.com/file/d/1rtlrEQ33RInyAVr6FfrgctTeIVjhJuOX/view?usp=drivesdk
70,519,1fW96QFljsf9FiEZetwr3GfED_5i_aHb_,1,,1986,1995,ORIG,https://drive.google.com/file/d/1fW96QFljsf9FiEZetwr3GfED_5i_aHb_/view?usp=drivesdk
71,520,1j1GatZ9NzLrt9DK9k75ag_QC7Omxkusy,1,,1996,2005,ORIG,https://drive.google.com/file/d/1j1GatZ9NzLrt9DK9k75ag_QC7Omxkusy/view?usp=drivesdk
72,521,1U2XShyOY_nfyuz3COb8C6wnJ8dxhOs3U,1,,1988,1998,ORIG,https://drive.google.com/file/d/1U2XShyOY_nfyuz3COb8C6wnJ8dxhOs3U/view?usp=drivesdk
73,522,1xs2uBhHnxOQvYzqX4hqtb28FKdbBv5EP,0,,1980,1983,REF,https://drive.google.com/file/d/1xs2uBhHnxOQvYzqX4hqtb28FKdbBv5EP/view?usp=drivesdk
74,523,14KbgmGIcpvSw5xSUxvtsvyzXzLcameXB,1,,1980,1983,REF,https://drive.google.com/file/d/14KbgmGIcpvSw5xSUxvtsvyzXzLcameXB/view?usp=drivesdk
75,524,16Kycg5dwCrwPyY17_oAFPOvr_Wmm92H1,1,,1998,2005,REF,https://drive.google.com/file/d/16Kycg5dwCrwPyY17_oAFPOvr_Wmm92H1/view?usp=drivesdk
76,525,1nDSrDpUHsi1mMPfd3VF01g_ULe3CAqPW,1,,1998,2005,ORIG,https://drive.google.com/file/d/1nDSrDpUHsi1mMPfd3VF01g_ULe3CAqPW/view?usp=drivesdk
77,526,1EhCrSstDx6iqd92-UnK3wBN7me9hcptt,1,,2000,2005,ORIG/GLP,https://drive.google.com/file/d/1EhCrSstDx6iqd92-UnK3wBN7me9hcptt/view?usp=drivesdk
78,527,1Z5U9i8OWdKio3SeCdEuJe89O6aL1JqyE,1,,1992,1997,GNV (4-5),https://drive.google.com/file/d/1Z5U9i8OWdKio3SeCdEuJe89O6aL1JqyE/view?usp=drivesdk
79,533,1xX11u-FgHl94p5UIK5vcl-qr3LoCK334,1,,2007,2010,GNV (5),https://drive.google.com/file/d/1xX11u-FgHl94p5UIK5vcl-qr3LoCK334/view?usp=drivesdk
80,539,1BeBzvQklPfmn_l-HuUsOXrESdOJYeKZC,1,,1975,1986,REF,https://drive.google.com/file/d/1BeBzvQklPfmn_l-HuUsOXrESdOJYeKZC/view?usp=drivesdk
81,541,,1,,1987,1995,REF,
82,617,1wo8v3q2OWiASviQVHXy1ILsHS77G3tv7,1,,1983,1987,GNV (4),https://drive.google.com/file/d/1wo8v3q2OWiASviQVHXy1ILsHS77G3tv7/view?usp=drivesdk
83,654,1p-U-E9eEMOePpOLoCc-eFhWFTHwqqzsc,1,,1988,1991,REF,https://drive.google.com/file/d/1p-U-E9eEMOePpOLoCc-eFhWFTHwqqzsc/view?usp=drivesdk
84,662,1Wk_FOEDhcCoWl9QwUKFlVgRiHpQA_H_L,1,,2000,2006,GNV (5),https://drive.google.com/file/d/1Wk_FOEDhcCoWl9QwUKFlVgRiHpQA_H_L/view?usp=drivesdk
85,667,1jwTBUbOCDDJfEZ9Jj-ikScsCudFsUKD9,1,,2000,2006,GNV (5),https://drive.google.com/file/d/1jwTBUbOCDDJfEZ9Jj-ikScsCudFsUKD9/view?usp=drivesdk
86,668,1J6nB7dMXhBniTh7yn8lfuVUr_WEcWqv6,0,,1996,2005,REF,https://drive.google.com/file/d/1J6nB7dMXhBniTh7yn8lfuVUr_WEcWqv6/view?usp=drivesdk
87,673,18Osn64U35DmuyiOMbHDR3jOWHR0xmD26,0,,1997,2004,REF,https://drive.google.com/file/d/18Osn64U35DmuyiOMbHDR3jOWHR0xmD26/view?usp=drivesdk
88,679,1V0YmmxZfDSycYGwgzVtqSoinJX8ehT_y,1,,2001,2005,GNV (4),https://drive.google.com/file/d/1V0YmmxZfDSycYGwgzVtqSoinJX8ehT_y/view?usp=drivesdk
89,1819,1ciUAXVYaiW33E9hxE8pnIUw7Mh5wh6Pb,1,,1985,1990,ORIG,https://drive.google.com/file/d/1ciUAXVYaiW33E9hxE8pnIUw7Mh5wh6Pb/view?usp=drivesdk
90,1973,1hXn0JW6piOojVSSzhgq79668ZXaV_5dn,1,,2001,2005,GNV (4-5),https://drive.google.com/file/d/1hXn0JW6piOojVSSzhgq79668ZXaV_5dn/view?usp=drivesdk
91,2254,1WePLep4yOhi9wBLuBih6xulcB2fg_nJ2,0,,1992,1998,REF,https://drive.google.com/file/d/1WePLep4yOhi9wBLuBih6xulcB2fg_nJ2/view?usp=drivesdk
92,2280,1emNYiqTteMclvLnHS8yjcOimXK7bSr6a,0,,1990,1995,ORIG,https://drive.google.com/file/d/1emNYiqTteMclvLnHS8yjcOimXK7bSr6a/view?usp=drivesdk
93,2282,1nlLb1joz7DP5eHYVeJ3w2RBNVB_HGKO2,0,,1992,1999,REF,https://drive.google.com/file/d/1nlLb1joz7DP5eHYVeJ3w2RBNVB_HGKO2/view?usp=drivesdk
94,3262,1X_eT4EpUJ66wlNCh4DDPFnoD1gi9l_y3,1,,2003,2007,GNV (5),https://drive.google.com/file/d/1X_eT4EpUJ66wlNCh4DDPFnoD1gi9l_y3/view?usp=drivesdk
95,3322,1ImtTu1fX5m76iJGl0GsrBfjawkrV5mzx,1,,2006,2010,GNV (5),https://drive.google.com/file/d/1ImtTu1fX5m76iJGl0GsrBfjawkrV5mzx/view?usp=drivesdk
96,3326,,1,,1998,2001,ORIG,
97,3328,,0,,2000,2006,REF,
98,3436,1u9OE-6fJdFlJ4-x4H1Pw7duyugCXopgV,1,,1991,1996,REF,https://drive.google.com/file/d/1u9OE-6fJdFlJ4-x4H1Pw7duyugCXopgV/view?usp=drivesdk
99,3437,1lBoQrS_Aglz4qDMQhHHbM1HC8orscggb,0,,2003,2007,REF,https://drive.google.com/file/d/1lBoQrS_Aglz4qDMQhHHbM1HC8orscggb/view?usp=drivesdk
100,3478,,1,,1996,1999,REF,
101,3541,1gnxOL5Nwv2UUX-fszchL8c9n0FczYZVz,0,,2006,2015,ORIG,https://drive.google.com/file/d/1gnxOL5Nwv2UUX-fszchL8c9n0FczYZVz/view?usp=drivesdk
102,3542,1PCssB97U5mfHPDqOXb-FnY-BKXxDmQhx,1,,2006,2015,ORIG,https://drive.google.com/file/d/1PCssB97U5mfHPDqOXb-FnY-BKXxDmQhx/view?usp=drivesdk
103,3585,1oLvDrwfIM-dVCraYpWox_Yjp9FZg2rAK,0,,2003,2023,ORIG,https://drive.google.com/file/d/1oLvDrwfIM-dVCraYpWox_Yjp9FZg2rAK/view?usp=drivesdk
104,3590,155x6Zr6qiUnh6s1SIGT6u3mAfqxV4v1N,1,,2006,2013,GNV (5),https://drive.google.com/file/d/155x6Zr6qiUnh6s1SIGT6u3mAfqxV4v1N/view?usp=drivesdk
105,3839,1Q7bkuS-AVKhXV4vWn1odZP0hp2SHNA83,0,,1995,2005,ORIG,https://drive.google.com/file/d/1Q7bkuS-AVKhXV4vWn1odZP0hp2SHNA83/view?usp=drivesdk
106,3871,1CxKVGG9n3bSGzMdqh9CYlL8C6fxBntZJ,1,,1993,2000,GNV (5),https://drive.google.com/file/d/1CxKVGG9n3bSGzMdqh9CYlL8C6fxBntZJ/view?usp=drivesdk
107,4289,1zI2YHe4RpnDRoVF5p4GIfrX24FvsiOaf,1,,1999,2002,REF,https://drive.google.com/file/d/1zI2YHe4RpnDRoVF5p4GIfrX24FvsiOaf/view?usp=drivesdk
108,4378,1hXXlyB04CnPjPuHc8V0j6aOcebzLssL3,0,,1996,2005,REF,https://drive.google.com/file/d/1hXXlyB04CnPjPuHc8V0j6aOcebzLssL3/view?usp=drivesdk
109,4771,1ST2XP6sjZgVSsGtw4tPlM-qWAgbLIylj,0,,2005,2008,REF,https://drive.google.com/file/d/1ST2XP6sjZgVSsGtw4tPlM-qWAgbLIylj/view?usp=drivesdk
110,4848,,0,,2005,2015,REF,
111,4948,12M0A5siqG7KzBDN11N1SCxbcskIjQtV2,1,,1995,2000,REF,https://drive.google.com/file/d/12M0A5siqG7KzBDN11N1SCxbcskIjQtV2/view?usp=drivesdk
112,5121,1U6d1a2tnAUewA8z89IPSHDg84AcbMqui,1,,1998,2010,REF,https://drive.google.com/file/d/1U6d1a2tnAUewA8z89IPSHDg84AcbMqui/view?usp=drivesdk
113,5131,1ds6sFXapLDeoR95j1kBZmWEMtELWAahk,0,,1999,2002,REF,https://drive.google.com/file/d/1ds6sFXapLDeoR95j1kBZmWEMtELWAahk/view?usp=drivesdk
114,5255,1yplVYNRZLRIdXJBe6bEqXmJpf1_K2MGg,1,,2000,2009,GNV (4),https://drive.google.com/file/d/1yplVYNRZLRIdXJBe6bEqXmJpf1_K2MGg/view?usp=drivesdk
115,5358,1KWfHY12uuoWQRYBztpuvtSMT5OfAA2K3,1,,2004,2012,GNV (4),https://drive.google.com/file/d/1KWfHY12uuoWQRYBztpuvtSMT5OfAA2K3/view?usp=drivesdk
116,5362,1EzB32f3VXM8f-uebuky-scn8FkD66Z9q,1,,1997,2007,ORIG,https://drive.google.com/file/d/1EzB32f3VXM8f-uebuky-scn8FkD66Z9q/view?usp=drivesdk
117,5501,1dgFvp8_09-a4OF9w5eBnk_afM-zsmMFB,1,,1998,2002,REF,https://drive.google.com/file/d/1dgFvp8_09-a4OF9w5eBnk_afM-zsmMFB/view?usp=drivesdk
118,5559,1K_qWv2TmgON3gSbY004TzenbXEAvIjaW,1,,2011,2014,GLP,https://drive.google.com/file/d/1K_qWv2TmgON3gSbY004TzenbXEAvIjaW/view?usp=drivesdk
119,5592,15F7cDVs5Zbq4e_3qZgMgbZQ0XDuBuLot,0,,2005,2015,ORIG,https://drive.google.com/file/d/15F7cDVs5Zbq4e_3qZgMgbZQ0XDuBuLot/view?usp=drivesdk
120,5616,1ijx8UMY6ZjbtQ0J9x2SI92uDipLwXMYo,0,,1992,1997,REF,https://drive.google.com/file/d/1ijx8UMY6ZjbtQ0J9x2SI92uDipLwXMYo/view?usp=drivesdk
121,5624,1vqQPz0MwaNkSPEfVkeD7bqt9YnWqh7TV,1,,2002,2006,ORIG,https://drive.google.com/file/d/1vqQPz0MwaNkSPEfVkeD7bqt9YnWqh7TV/view?usp=drivesdk
122,5727,1AC9Dzah1yV8HnNKxQjxtJTC7m1EMJuwq,0,,2001,2005,REF,https://drive.google.com/file/d/1AC9Dzah1yV8HnNKxQjxtJTC7m1EMJuwq/view?usp=drivesdk
123,5737,1xA3OUXZcQhTujoRExh_L8m_7VdkSU7yg,0,,2006,2009,ORIG,https://drive.google.com/file/d/1xA3OUXZcQhTujoRExh_L8m_7VdkSU7yg/view?usp=drivesdk
124,5797,1rxcKGdVTIogr5tgQcda8riYkL8WxLDJQ,1,,2005,2008,REF,https://drive.google.com/file/d/1rxcKGdVTIogr5tgQcda8riYkL8WxLDJQ/view?usp=drivesdk
125,5901,1D4tM_u4FZXKj4em_jG6Hh4h6Vutk8Bh5,1,,2011,2013,GNV (4),https://drive.google.com/file/d/1D4tM_u4FZXKj4em_jG6Hh4h6Vutk8Bh5/view?usp=drivesdk
126,5967,1ZbDw_Moqj-r1E4vy7cHXf6EpDFIq07oI,1,,2007,2010,REF,https://drive.google.com/file/d/1ZbDw_Moqj-r1E4vy7cHXf6EpDFIq07oI/view?usp=drivesdk
127,6021,1tXFwVnZLaXQBBzxlKcPL5qJOwTV3lwse,1,,2007,2023,GNV (5),https://drive.google.com/file/d/1tXFwVnZLaXQBBzxlKcPL5qJOwTV3lwse/view?usp=drivesdk
128,6075,1cB7htktPx-Os8G_v0DlYggoXRpBZ0XvE,1,,2009,2023,GNV (5),https://drive.google.com/file/d/1cB7htktPx-Os8G_v0DlYggoXRpBZ0XvE/view?usp=drivesdk
129,6180,1CKH1YARD92-Kmh4kzkcQsunyCUPaTXK5,0,,2006,2010,ORIG,https://drive.google.com/file/d/1CKH1YARD92-Kmh4kzkcQsunyCUPaTXK5/view?usp=drivesdk
130,6199,17M0TbFSGjhXnM_8fC3Sy7epAu_7uzWfw,0,,1987,1991,REF,https://drive.google.com/file/d/17M0TbFSGjhXnM_8fC3Sy7epAu_7uzWfw/view?usp=drivesdk
131,6200,1TLG2BJ2leA0lfuEjPD017aWh0TQegrVW,1,,-,-,REF/GNV (5),https://drive.google.com/file/d/1TLG2BJ2leA0lfuEjPD017aWh0TQegrVW/view?usp=drivesdk
132,6231,1Sji2EMkb0FaKeYTisgtNh-6dYzgAIz-3,0,,2006,2013,ORIG,https://drive.google.com/file/d/1Sji2EMkb0FaKeYTisgtNh-6dYzgAIz-3/view?usp=drivesdk
133,6241,1mMUFLhEsAt9ogjQ2uE6TcC5JV7xp5QJF,1,,2009,2023,GNV (5),https://drive.google.com/file/d/1mMUFLhEsAt9ogjQ2uE6TcC5JV7xp5QJF/view?usp=drivesdk
134,6331,1akbdGbeyIPEOTpejjqz7zKqTCeAfidLY,1,,2006,2013,GNV (5),https://drive.google.com/file/d/1akbdGbeyIPEOTpejjqz7zKqTCeAfidLY/view?usp=drivesdk
135,6335,1HBCoCL9Bp-AXyTdwh-0DaKc6ytw4pauH,1,,2009,2023,PROG,https://drive.google.com/file/d/1HBCoCL9Bp-AXyTdwh-0DaKc6ytw4pauH/view?usp=drivesdk
136,6400,1pBuEvvlRhufG48GWKWmVCI2ndhEQSoeS,0,,2009,2023,ORIG,https://drive.google.com/file/d/1pBuEvvlRhufG48GWKWmVCI2ndhEQSoeS/view?usp=drivesdk
137,6503,1kJ5CFLaWQKH1TYrXTtQIs7RzOsmIvkC1,0,,2010,2023,ORIG,https://drive.google.com/file/d/1kJ5CFLaWQKH1TYrXTtQIs7RzOsmIvkC1/view?usp=drivesdk
138,6659,1UzG-EjNpI1hkxgMsnJCzXyz7sMgVU8nh,1,,2002,2007,REF,https://drive.google.com/file/d/1UzG-EjNpI1hkxgMsnJCzXyz7sMgVU8nh/view?usp=drivesdk
139,6829,1NNi2wtQYQIJZAdrPYGtos86P-2k1Pr3Y,0,,2009,2013,REF,https://drive.google.com/file/d/1NNi2wtQYQIJZAdrPYGtos86P-2k1Pr3Y/view?usp=drivesdk
140,6909,1nGu3SP-qDSn1UzxelG1KUEH3xP2tp_pt,1,,2002,2006,REF,https://drive.google.com/file/d/1nGu3SP-qDSn1UzxelG1KUEH3xP2tp_pt/view?usp=drivesdk
141,7280,1VlhcZvXKpl92iS6-fyKmINJKypbKE0av,0,,1992,2008,ORIG,https://drive.google.com/file/d/1VlhcZvXKpl92iS6-fyKmINJKypbKE0av/view?usp=drivesdk
142,7305,1IkapDaiLfFhw01Vas3Aw239DGu205KFE,0,,2009,2013,ORIG,https://drive.google.com/file/d/1IkapDaiLfFhw01Vas3Aw239DGu205KFE/view?usp=drivesdk
143,7789,15eQ9VTvz8VblgkKV4sWqpwLIfil32rd_,0,,2002,2007,REF,https://drive.google.com/file/d/15eQ9VTvz8VblgkKV4sWqpwLIfil32rd_/view?usp=drivesdk
144,7802,12nchJ9Nmb8cwJwR-OEaPu6lgj2oBK0rA,1,,2009,2013,REF,https://drive.google.com/file/d/12nchJ9Nmb8cwJwR-OEaPu6lgj2oBK0rA/view?usp=drivesdk
145,7806,1cW5StBCJAEJbGt0qcXzr5UiPAeagMG0N,1,,1996,2005,REF,https://drive.google.com/file/d/1cW5StBCJAEJbGt0qcXzr5UiPAeagMG0N/view?usp=drivesdk
146,7850,1r8uVu9hxzTVNmUa7VxQdwLaL1fpPVXFO,1,,2011,2023,GNV (4),https://drive.google.com/file/d/1r8uVu9hxzTVNmUa7VxQdwLaL1fpPVXFO/view?usp=drivesdk
147,7950,14O65cJozGdpc39wz97GdPbxP3qIFX57q,0,,2002,2006,ORIG,https://drive.google.com/file/d/14O65cJozGdpc39wz97GdPbxP3qIFX57q/view?usp=drivesdk
148,7963,1jukaDcMZP1Pog6iias9WEM15ygyGnUrd,0,,2011,2023,ORIG,https://drive.google.com/file/d/1jukaDcMZP1Pog6iias9WEM15ygyGnUrd/view?usp=drivesdk
149,8154,1P8FpB2b3jHOhnib0GLYLI0zuvjqyIuMj,0,,1997,2002,ORIG,https://drive.google.com/file/d/1P8FpB2b3jHOhnib0GLYLI0zuvjqyIuMj/view?usp=drivesdk
150,8192,1pmOs_1MuVaZcxVH6lP5oQeSbh-Hr6EK6,0,,1998,2002,ORIG,https://drive.google.com/file/d/1pmOs_1MuVaZcxVH6lP5oQeSbh-Hr6EK6/view?usp=drivesdk
151,8194,1tGP5HhKkT07nRHQDxZH7X0_v5hCcbS0k,0,,1991,1997,ORIG,https://drive.google.com/file/d/1tGP5HhKkT07nRHQDxZH7X0_v5hCcbS0k/view?usp=drivesdk
152,8241,1Heg00LyOf_NLFaxMUzh1nxDLkzANDpe-,0,,2002,2006,ORIG,https://drive.google.com/file/d/1Heg00LyOf_NLFaxMUzh1nxDLkzANDpe-/view?usp=drivesdk
153,8249,1MvXVsAQ31M49y6ohxG4J3yaxmebnj8gN,1,,2008,2014,GNV (3),https://drive.google.com/file/d/1MvXVsAQ31M49y6ohxG4J3yaxmebnj8gN/view?usp=drivesdk
154,8250,1OrxPbkZoZcuHaym-z79nY0dRI7CbddhW,0,,2007,2023,REF,https://drive.google.com/file/d/1OrxPbkZoZcuHaym-z79nY0dRI7CbddhW/view?usp=drivesdk
155,8269,1QHNc4VeHLOyURXX1SaqB9KKajrouhy5m,0,,1981,1992,REF,https://drive.google.com/file/d/1QHNc4VeHLOyURXX1SaqB9KKajrouhy5m/view?usp=drivesdk
156,8297,1F_orDSJepxAj-aARJfla6GWB0VsyFg0l,0,,2009,2012,REF,https://drive.google.com/file/d/1F_orDSJepxAj-aARJfla6GWB0VsyFg0l/view?usp=drivesdk
157,8493,1mPJvt3AsylVaJrMQerWrNyHfEC-2KhG5,1,,2011,2014,GNV (4),https://drive.google.com/file/d/1mPJvt3AsylVaJrMQerWrNyHfEC-2KhG5/view?usp=drivesdk
158,8505,1RVztehr_Xusiutuzwip9m_tbmW29ErQt,0,,1999,2005,REF,https://drive.google.com/file/d/1RVztehr_Xusiutuzwip9m_tbmW29ErQt/view?usp=drivesdk
159,8545,1q0yE8JjmzIKC2BtsInzP2GzxTd5Vfc4b,1,,2001,2005,ORIG,https://drive.google.com/file/d/1q0yE8JjmzIKC2BtsInzP2GzxTd5Vfc4b/view?usp=drivesdk
160,8676,1t3DuEH5dgb3jIm6UEzzqbynJ2Ek2oIRL,0,,2009,2023,REF,https://drive.google.com/file/d/1t3DuEH5dgb3jIm6UEzzqbynJ2Ek2oIRL/view?usp=drivesdk
161,8751,1Ba7-W8qSdqLe9m_eMHpduDnl91KMaLgL,0,,2001,2013,REF,https://drive.google.com/file/d/1Ba7-W8qSdqLe9m_eMHpduDnl91KMaLgL/view?usp=drivesdk
162,8752,1NJ7xIbZ1DfVkKuGz_hxv4L_cuFOCj-Jn,0,,2009,2023,REF,https://drive.google.com/file/d/1NJ7xIbZ1DfVkKuGz_hxv4L_cuFOCj-Jn/view?usp=drivesdk
163,8759,1EyzLsJzPNo6M0v__1IvOOdWfE0LIT8ew,0,,2010,2023,REF,https://drive.google.com/file/d/1EyzLsJzPNo6M0v__1IvOOdWfE0LIT8ew/view?usp=drivesdk
164,8774,1olqde6SbOYB2E6u1NvdjECi12nvjSfo_,1,,2010,2023,GNV (5),https://drive.google.com/file/d/1olqde6SbOYB2E6u1NvdjECi12nvjSfo_/view?usp=drivesdk
165,8775,137i_4aXs-rS7kjYKKbPIXVaqck-R3RcK,1,,2005,2010,REF,https://drive.google.com/file/d/137i_4aXs-rS7kjYKKbPIXVaqck-R3RcK/view?usp=drivesdk
166,8783,1kKX_-MHIFOo6v3IqyLB-iuu03nyTZrTE,0,,2004,2012,ORIG,https://drive.google.com/file/d/1kKX_-MHIFOo6v3IqyLB-iuu03nyTZrTE/view?usp=drivesdk
167,8811,177OHeF0wpTsZOHvuzoQaWOrd2fP3IqZf,1,,2000,2006,ORIG/GLP,https://drive.google.com/file/d/177OHeF0wpTsZOHvuzoQaWOrd2fP3IqZf/view?usp=drivesdk
168,8935,1Eg-BFFRQuG2EnGzcoRTbtYSxZJ92EkCB,0,,1992,1997,REF,https://drive.google.com/file/d/1Eg-BFFRQuG2EnGzcoRTbtYSxZJ92EkCB/view?usp=drivesdk
169,8941,1dc9Bc8HiPVJg3kbRbDK3q6bfdM25ShCf,0,,1996,1999,ORIG,https://drive.google.com/file/d/1dc9Bc8HiPVJg3kbRbDK3q6bfdM25ShCf/view?usp=drivesdk
170,9052,1f3sfamZb-PJAu_vH0AzEaHnc-rKkgpoH,1,,2008,2013,REF,https://drive.google.com/file/d/1f3sfamZb-PJAu_vH0AzEaHnc-rKkgpoH/view?usp=drivesdk
171,9077,1PQpS0zfTApskOo3D8tcuHC0thHwBTIxh,0,,2006,2012,REF,https://drive.google.com/file/d/1PQpS0zfTApskOo3D8tcuHC0thHwBTIxh/view?usp=drivesdk
172,9079,1qKxkoQRp7MlFE5WuYlbU3JrbujdFsxZt,1,,2006,2012,REF,https://drive.google.com/file/d/1qKxkoQRp7MlFE5WuYlbU3JrbujdFsxZt/view?usp=drivesdk
173,9160,1DoPTvQjDrXAYOwa6nkwQwzGlbsq67ffI,0,,2006,2013,REF,https://drive.google.com/file/d/1DoPTvQjDrXAYOwa6nkwQwzGlbsq67ffI/view?usp=drivesdk
174,9201,1NFrMFGLKX3cQa567Kd5CecPkLTYpdrPm,1,,2003,2010,GLP,https://drive.google.com/file/d/1NFrMFGLKX3cQa567Kd5CecPkLTYpdrPm/view?usp=drivesdk
175,9243,1qlxBSlGrYYWrb_RpeTMEVhaAi208fZvQ,1,,2006,2023,GLP,https://drive.google.com/file/d/1qlxBSlGrYYWrb_RpeTMEVhaAi208fZvQ/view?usp=drivesdk
176,9263,1nQEoyXRW4VwEY93KUcOyd6FI5zxp7V39,1,,1992,1999,ORIG,https://drive.google.com/file/d/1nQEoyXRW4VwEY93KUcOyd6FI5zxp7V39/view?usp=drivesdk
177,9281,1aPsu9tasLpcPip3St2GSII0wD4OPnBI_,1,,2010,2013,REF (40kg),https://drive.google.com/file/d/1aPsu9tasLpcPip3St2GSII0wD4OPnBI_/view?usp=drivesdk
178,9296,19G42D9AB5qcz4E7ZF-YoEzi8UguvRK0t,0,,1992,1997,ORIG,https://drive.google.com/file/d/19G42D9AB5qcz4E7ZF-YoEzi8UguvRK0t/view?usp=drivesdk
179,9315,1SP0Ywnnkf_PGHo5u3pV7Y-BGaZklefcD,0,,2009,2023,ORIG,https://drive.google.com/file/d/1SP0Ywnnkf_PGHo5u3pV7Y-BGaZklefcD/view?usp=drivesdk
180,9325,1UkTrPEJx0dbWAq6PVGPQpTXQonp5aB48,1,,2002,2007,GLP (40kg),https://drive.google.com/file/d/1UkTrPEJx0dbWAq6PVGPQpTXQonp5aB48/view?usp=drivesdk
181,9464,1uVgHub-mht5zzH9OdmWXapoQJFioXlYy,1,,1998,2002,ORIG/GLP,https://drive.google.com/file/d/1uVgHub-mht5zzH9OdmWXapoQJFioXlYy/view?usp=drivesdk
182,9465,1wGPp7ZssmcEQQIX24f4GJX88xnkpbQMy,1,,1998,2002,GNV (4-5),https://drive.google.com/file/d/1wGPp7ZssmcEQQIX24f4GJX88xnkpbQMy/view?usp=drivesdk
183,9471,1IbVZ7CQkZpYzfQt_nVYK5bsT5-RSiQ-R,1,,2010,2013,GLP (80kg),https://drive.google.com/file/d/1IbVZ7CQkZpYzfQt_nVYK5bsT5-RSiQ-R/view?usp=drivesdk
184,9511,1Gj_N88w41bsyISUYN_Xl85Tgbe2mlJJ2,0,,2007,2023,REF,https://drive.google.com/file/d/1Gj_N88w41bsyISUYN_Xl85Tgbe2mlJJ2/view?usp=drivesdk
185,9542,1p-GAdLfzfPGUzjEirllCRDtIOZUk1e6y,0,,2011,2014,REF,https://drive.google.com/file/d/1p-GAdLfzfPGUzjEirllCRDtIOZUk1e6y/view?usp=drivesdk
186,9543,15FyJM_sqrbmuzpsBAQ7ZbpfqT46a2fDj,0,,2011,2014,ORIG,https://drive.google.com/file/d/15FyJM_sqrbmuzpsBAQ7ZbpfqT46a2fDj/view?usp=drivesdk
187,9638,1Uvy4ynkf-7me9VDZovoDhur4vcsJ5rFN,1,,2001,2005,ORIG/GLP,https://drive.google.com/file/d/1Uvy4ynkf-7me9VDZovoDhur4vcsJ5rFN/view?usp=drivesdk
188,9650,1gitRxTsQtE4nUPKpC9jZKezHJGoSUDSQ,0,,2002,2007,REF,https://drive.google.com/file/d/1gitRxTsQtE4nUPKpC9jZKezHJGoSUDSQ/view?usp=drivesdk
189,9670,1EG6G8P-1aZAihJqP4XOPRIXRCz68U7Fs,0,,2005,2015,REF,https://drive.google.com/file/d/1EG6G8P-1aZAihJqP4XOPRIXRCz68U7Fs/view?usp=drivesdk
190,9787,1okovXpI4U3WbnLmWb2OXGp8VPfPwh6nl,1,,2011,2014,GLP/GNV (3),https://drive.google.com/file/d/1okovXpI4U3WbnLmWb2OXGp8VPfPwh6nl/view?usp=drivesdk
191,9814,1PtW00Wrr_U_kXAazvwX6a-vXdlRxHueB,0,,2014,2023,ORIG,https://drive.google.com/file/d/1PtW00Wrr_U_kXAazvwX6a-vXdlRxHueB/view?usp=drivesdk
192,9817,1tv-DhECkT8ueic0WnB1xZo4GTdQlOODG,1,,1991,2000,ORIG,https://drive.google.com/file/d/1tv-DhECkT8ueic0WnB1xZo4GTdQlOODG/view?usp=drivesdk
193,9841,1fxfqlNhy5UvrW2vEZ9SmUmqQRDdWw8WQ,1,,2013,2023,GLP/GNV (3),https://drive.google.com/file/d/1fxfqlNhy5UvrW2vEZ9SmUmqQRDdWw8WQ/view?usp=drivesdk
194,9842,15PyHZ-BrBLwWwBjNWsWWIMXqRXnWbc3G,0,,2009,2013,REF,https://drive.google.com/file/d/15PyHZ-BrBLwWwBjNWsWWIMXqRXnWbc3G/view?usp=drivesdk
195,9895,1W0jrI6Ltk7tJaO1F6EUcURlibKlMFu8O,0,,1994,1999,REF,https://drive.google.com/file/d/1W0jrI6Ltk7tJaO1F6EUcURlibKlMFu8O/view?usp=drivesdk
196,9939,1vtRgP0MeKE8L74knDk1YuoIQxMG99wLJ,1,,1987,1994,ORIG,https://drive.google.com/file/d/1vtRgP0MeKE8L74knDk1YuoIQxMG99wLJ/view?usp=drivesdk
197,10084,1rymBoXEXn4tFC6yYQn2h-5AZI5VQyqvs,0,,2009,2013,REF,https://drive.google.com/file/d/1rymBoXEXn4tFC6yYQn2h-5AZI5VQyqvs/view?usp=drivesdk
198,10085,1jL_k-Ln1Uwf5F9mIIQ-Rj-CJD6nGSFbf,0,,2009,2013,ORIG,https://drive.google.com/file/d/1jL_k-Ln1Uwf5F9mIIQ-Rj-CJD6nGSFbf/view?usp=drivesdk
199,10092,1P1cSYt1pUfbjBLt4mgMNRl_Qyscs3xSo,0,,2004,2010,REF,https://drive.google.com/file/d/1P1cSYt1pUfbjBLt4mgMNRl_Qyscs3xSo/view?usp=drivesdk
200,10222,1WTdFQVETanQsQSXkDKjrtrraHHezUuNR,0,,1992,1998,ORIG,https://drive.google.com/file/d/1WTdFQVETanQsQSXkDKjrtrraHHezUuNR/view?usp=drivesdk
201,10260,14xWX1mqyAvPfzEIqiFKM8tNSJsWSfkr9,0,,2003,2009,REF,https://drive.google.com/file/d/14xWX1mqyAvPfzEIqiFKM8tNSJsWSfkr9/view?usp=drivesdk
202,10307,1Pat1OmWFHGJ-C5QoJ4ULWulJPvfIBVQu,1,,1987,1994,GNV (4),https://drive.google.com/file/d/1Pat1OmWFHGJ-C5QoJ4ULWulJPvfIBVQu/view?usp=drivesdk
203,10324,1XY_zmUk58tQRs5zEprdSalJNT2iKh2c_,1,,2003,2009,ORIG,https://drive.google.com/file/d/1XY_zmUk58tQRs5zEprdSalJNT2iKh2c_/view?usp=drivesdk
204,10337,1Kppy9R8RxjPSUqOHV3eT5A_EwkGGBGyU,0,,2011,2014,ORIG,https://drive.google.com/file/d/1Kppy9R8RxjPSUqOHV3eT5A_EwkGGBGyU/view?usp=drivesdk
205,10361,,1,,2003,2006,GNV (4-5) PROG,
206,10364,1qZI-Gv3zzPTO3Emb9tKC2Z_zidLq4dkc,1,,2014,2023,GNV (4),https://drive.google.com/file/d/1qZI-Gv3zzPTO3Emb9tKC2Z_zidLq4dkc/view?usp=drivesdk
207,10392,1gvCMYGEIkSmUy3x2CW4PopkXcLf7xjkr,1,,2000,2006,GLP,https://drive.google.com/file/d/1gvCMYGEIkSmUy3x2CW4PopkXcLf7xjkr/view?usp=drivesdk
208,10418,17qs3A9QSYZi1LWSrx-eQFc9HRFbtjzkK,0,,2009,2023,ORIG,https://drive.google.com/file/d/17qs3A9QSYZi1LWSrx-eQFc9HRFbtjzkK/view?usp=drivesdk
209,10464,1R_Gbwfc1HWGzfPkdnDnfaa36zY9kx71F,0,,2000,2009,REF,https://drive.google.com/file/d/1R_Gbwfc1HWGzfPkdnDnfaa36zY9kx71F/view?usp=drivesdk
210,10505,1LPGSL5oMdgLqk6GU0ce7Xeqs0hJwapPD,0,,2008,2013,REF,https://drive.google.com/file/d/1LPGSL5oMdgLqk6GU0ce7Xeqs0hJwapPD/view?usp=drivesdk
211,10550,11GEiAqOMKyDcKtr7AQV6PxsPf8XbOAHX,1,,2011,2014,GNV (5),https://drive.google.com/file/d/11GEiAqOMKyDcKtr7AQV6PxsPf8XbOAHX/view?usp=drivesdk
212,10593,1lFD7Ltm8o6Q-ADrZzIgjti5z0mpjLlvm,0,,2003,2007,ORIG,https://drive.google.com/file/d/1lFD7Ltm8o6Q-ADrZzIgjti5z0mpjLlvm/view?usp=drivesdk
213,10781,1lkbmBPvWdip6o8ZF9GPoFZo77cn10hrO,0,,2013,2023,REF,https://drive.google.com/file/d/1lkbmBPvWdip6o8ZF9GPoFZo77cn10hrO/view?usp=drivesdk
214,10881,1Z3-0DU7cCSp_X41u7_cnq_DQpnCjhJAw,1,,1991,1998,GNV (5),https://drive.google.com/file/d/1Z3-0DU7cCSp_X41u7_cnq_DQpnCjhJAw/view?usp=drivesdk
215,10918,10KMxj73HSsZDvPb4H_7y-Jj1hnPowTpY,1,,2006,2023,ORIG,https://drive.google.com/file/d/10KMxj73HSsZDvPb4H_7y-Jj1hnPowTpY/view?usp=drivesdk
216,10928,1zPqMVDOTDt2PNVX--sJEZWDungjD2pZy,1,,2009,2013,GNV (4),https://drive.google.com/file/d/1zPqMVDOTDt2PNVX--sJEZWDungjD2pZy/view?usp=drivesdk
217,10947,16WljllLgY2Lp_V09_x3hkLMkxgQzkPZS,0,,1994,2001,ORIG,https://drive.google.com/file/d/16WljllLgY2Lp_V09_x3hkLMkxgQzkPZS/view?usp=drivesdk
218,11079,1LCmW2nh0riBZ_B6tCVVNM9w1zJnKdvrL,1,,2014,2023,GNV (5),https://drive.google.com/file/d/1LCmW2nh0riBZ_B6tCVVNM9w1zJnKdvrL/view?usp=drivesdk
219,11094,1A6d4tuwaIUDDXNzWm4TRoea14JSAQm0L,1,,2003,2009,ORIG,https://drive.google.com/file/d/1A6d4tuwaIUDDXNzWm4TRoea14JSAQm0L/view?usp=drivesdk
220,11143,1Ig9HDcno37-AkjKP5wGNPUlVAwSgSXAU,1,,2010,2013,GNV (5),https://drive.google.com/file/d/1Ig9HDcno37-AkjKP5wGNPUlVAwSgSXAU/view?usp=drivesdk
221,11145,13a3vg16yobLJRpvz39dvlHtwgQpzVlZa,1,,2006,2010,REF,https://drive.google.com/file/d/13a3vg16yobLJRpvz39dvlHtwgQpzVlZa/view?usp=drivesdk
222,11148,1ZOHk3nSDTr5C1W2x55MHm48aj5eK9lIi,1,,2014,2023,GLP,https://drive.google.com/file/d/1ZOHk3nSDTr5C1W2x55MHm48aj5eK9lIi/view?usp=drivesdk
223,11159,1peorU6ei2SGq3xE9ycn2xMTkg8XhU3EG,0,,2012,2023,ORIG,https://drive.google.com/file/d/1peorU6ei2SGq3xE9ycn2xMTkg8XhU3EG/view?usp=drivesdk
224,11182,1vVKtEYx4tUQrg_mdaungral5GrlQd227,0,,2004,2009,ORIG,https://drive.google.com/file/d/1vVKtEYx4tUQrg_mdaungral5GrlQd227/view?usp=drivesdk
225,11283,1k5BMVEdKlczysFwbhKOrPkSvlhaYqz5d,0,,2009,2023,ORIG,https://drive.google.com/file/d/1k5BMVEdKlczysFwbhKOrPkSvlhaYqz5d/view?usp=drivesdk
226,11350,125A4DDdf6THrIKQzebx0-35decHwCPgk,1,,2014,2023,GNV (4),https://drive.google.com/file/d/125A4DDdf6THrIKQzebx0-35decHwCPgk/view?usp=drivesdk
227,11417,11Be98W0OLdjG7KYz0jHSKfAk1ONqNABG,1,,1994,2002,GLP,https://drive.google.com/file/d/11Be98W0OLdjG7KYz0jHSKfAk1ONqNABG/view?usp=drivesdk
228,11420,1YAIj1ZTYXe7HwpTf1CHXQlGFF1t3PgUK,1,,2009,2013,ORIG,https://drive.google.com/file/d/1YAIj1ZTYXe7HwpTf1CHXQlGFF1t3PgUK/view?usp=drivesdk
229,11435,1NrJDoAZjvotWqKPCkcfne38njevSPO2a,0,,1997,2002,ORIG,https://drive.google.com/file/d/1NrJDoAZjvotWqKPCkcfne38njevSPO2a/view?usp=drivesdk
230,11440,1_GrXTvmFh7KAJ64Rw0bdWigFaGA_Zrgi,0,,2000,2023,ORIG,https://drive.google.com/file/d/1_GrXTvmFh7KAJ64Rw0bdWigFaGA_Zrgi/view?usp=drivesdk
231,11441,1EwGhGGZ4nc05W04fUICreRt2GtfSMyO6,1,,2009,2023,GLP,https://drive.google.com/file/d/1EwGhGGZ4nc05W04fUICreRt2GtfSMyO6/view?usp=drivesdk
232,11446,1MJEuKOY7sq8G7sRKxiASPsakS25nVEQv,1,,2012,2023,GLP,https://drive.google.com/file/d/1MJEuKOY7sq8G7sRKxiASPsakS25nVEQv/view?usp=drivesdk
233,11449,1wc_-OSFWo7Uqo7QdPGTUaTtb9Pps7iR5,1,,2010,2023,ORIG,https://drive.google.com/file/d/1wc_-OSFWo7Uqo7QdPGTUaTtb9Pps7iR5/view?usp=drivesdk
234,11494,105HryYm-4Oj_yHahUv8K2Vh7qwkE_X4e,0,,2009,2013,ORIG,https://drive.google.com/file/d/105HryYm-4Oj_yHahUv8K2Vh7qwkE_X4e/view?usp=drivesdk
235,11628,1FHZdMyZDlMpYRFNAw4HhFQWUKT1r080P,1,,2000,2023,GLP,https://drive.google.com/file/d/1FHZdMyZDlMpYRFNAw4HhFQWUKT1r080P/view?usp=drivesdk
236,11679,1yhLJhU-eWTU1_mOJIlGmY0gND11DTrKM,1,,2010,2023,ORIG,https://drive.google.com/file/d/1yhLJhU-eWTU1_mOJIlGmY0gND11DTrKM/view?usp=drivesdk
237,11680,1ZfBE3U_z_omNLW-ZYeYFOrqXFgnASl7W,0,,2010,2023,ORIG,https://drive.google.com/file/d/1ZfBE3U_z_omNLW-ZYeYFOrqXFgnASl7W/view?usp=drivesdk
238,11691,1ryb5eBN5MWttuQqPX1eZJTEDMEwYv6az,0,,2009,2013,ORIG,https://drive.google.com/file/d/1ryb5eBN5MWttuQqPX1eZJTEDMEwYv6az/view?usp=drivesdk
239,11706,1QZV7dvYwXOxRG-pFKwh3AN6jqeiDfp8D,0,,1999,2005,ORIG,https://drive.google.com/file/d/1QZV7dvYwXOxRG-pFKwh3AN6jqeiDfp8D/view?usp=drivesdk
240,11711,1Inn7F2JpxcVG6xc0-G8PsFdHpV8Kf8ig,0,,1996,1999,REF,https://drive.google.com/file/d/1Inn7F2JpxcVG6xc0-G8PsFdHpV8Kf8ig/view?usp=drivesdk
241,11760,1MjEd0bBfWpwTdJe2wEaBTrWpTH2KRlMB,1,,2011,2021,GNV (5),https://drive.google.com/file/d/1MjEd0bBfWpwTdJe2wEaBTrWpTH2KRlMB/view?usp=drivesdk
242,11784,1q-TShuSDGqdh1gJZ85f3pHVLuYzKanU7,0,,2002,2009,ORIG,https://drive.google.com/file/d/1q-TShuSDGqdh1gJZ85f3pHVLuYzKanU7/view?usp=drivesdk
243,11817,1-ow1qOvU2i5XZ7oN-Rbq2qxPGQo2dU9E,1,,2006,2012,GNV (4),https://drive.google.com/file/d/1-ow1qOvU2i5XZ7oN-Rbq2qxPGQo2dU9E/view?usp=drivesdk
244,11903,101envV09sfdfTgacdNRNMDAvZk6uCNoA,0,,2014,2023,ORIG,https://drive.google.com/file/d/101envV09sfdfTgacdNRNMDAvZk6uCNoA/view?usp=drivesdk
245,11925,1hmG1QWsiCxyTk70e-z5Y2TJ2Vf3iGIVj,1,,2008,2023,GNV (5),https://drive.google.com/file/d/1hmG1QWsiCxyTk70e-z5Y2TJ2Vf3iGIVj/view?usp=drivesdk
246,11939,,1,,2010,2015,GNV (4),
247,11945,1xt2jesXhO53Qj73FB1hBYooNLSTvpvgA,1,,1995,2002,REF,https://drive.google.com/file/d/1xt2jesXhO53Qj73FB1hBYooNLSTvpvgA/view?usp=drivesdk
248,12006,1rHEqeUIuTLNbieKly4nqU37bwWIUiHoB,0,,2013,2014,PROG,https://drive.google.com/file/d/1rHEqeUIuTLNbieKly4nqU37bwWIUiHoB/view?usp=drivesdk
249,12014,1yd5ESkvAmam27F-cU3u2J47TVvAvi8E5,0,,2004,2010,ORIG,https://drive.google.com/file/d/1yd5ESkvAmam27F-cU3u2J47TVvAvi8E5/view?usp=drivesdk
250,12040,1c9QiNj738Jd8sTpAgpR4nNPKzw3y4Axd,0,,2001,2005,ORIG,https://drive.google.com/file/d/1c9QiNj738Jd8sTpAgpR4nNPKzw3y4Axd/view?usp=drivesdk
251,12041,1Sxl3UZNZRnkPuyfCUMtGqnmElMad7xYX,1,,2001,2005,ORIG,https://drive.google.com/file/d/1Sxl3UZNZRnkPuyfCUMtGqnmElMad7xYX/view?usp=drivesdk
252,12165,18Wnb3CpAWJ80UbwihxN7EyqkcAFOiqNb,0,,2007,2017,PROG,https://drive.google.com/file/d/18Wnb3CpAWJ80UbwihxN7EyqkcAFOiqNb/view?usp=drivesdk
253,12166,,1,,2007,2017,PROG,
254,12179,1sP63AVCbqkZirPUbtEpdaPmuk4LmFWJi,1,,1998,2005,REF,https://drive.google.com/file/d/1sP63AVCbqkZirPUbtEpdaPmuk4LmFWJi/view?usp=drivesdk
255,12181,1eifJm_THecGwtJT922EwTHO_cPjFWRYm,1,,2014,2023,GNV (4),https://drive.google.com/file/d/1eifJm_THecGwtJT922EwTHO_cPjFWRYm/view?usp=drivesdk
256,12204,1wvPxDPoFYY18tR1HWj9BDD5KW_0u8R31,0,,2011,2021,ORIG,https://drive.google.com/file/d/1wvPxDPoFYY18tR1HWj9BDD5KW_0u8R31/view?usp=drivesdk
257,12274,1xd0aWH4Aq-Ne3d9RrMIT5EmKh5WdmPr9,0,,2011,2016,ORIG,https://drive.google.com/file/d/1xd0aWH4Aq-Ne3d9RrMIT5EmKh5WdmPr9/view?usp=drivesdk
258,12275,1rOPW4IfqXNDPBW5WB-X6bXbmVLQ9Ua5i,1,,2011,2016,GNV (5),https://drive.google.com/file/d/1rOPW4IfqXNDPBW5WB-X6bXbmVLQ9Ua5i/view?usp=drivesdk
259,12317,,1,,1994,2000,ORIG,
260,12377,,1,,2006,2010,ORIG,
261,12451,,0,,2006,2010,ORIG,
262,12525,19ij0o27jQIc1Z9nTp5myQW-KSa4AbDSf,0,,2011,2011,ORIG,https://drive.google.com/file/d/19ij0o27jQIc1Z9nTp5myQW-KSa4AbDSf/view?usp=drivesdk
263,12540,1ecQqZZV7aq9DUiWJwc5fvh2Z2rLFe2RW,0,,2003,2023,ORIG,https://drive.google.com/file/d/1ecQqZZV7aq9DUiWJwc5fvh2Z2rLFe2RW/view?usp=drivesdk
264,12541,11BOxH-zBnXeb7v7ThSd3bxxBahS7DQxz,1,,2003,2023,ORIG,https://drive.google.com/file/d/11BOxH-zBnXeb7v7ThSd3bxxBahS7DQxz/view?usp=drivesdk
265,12546,1DBrD9lUI-q68f64zwmxNrnYz3d50iu8O,0,,2008,2008,ORIG,https://drive.google.com/file/d/1DBrD9lUI-q68f64zwmxNrnYz3d50iu8O/view?usp=drivesdk
266,12579,1GcCwsUo1nlqUSnzWWmec3ahSIHeTa-ij,0,,2000,2006,ORIG,https://drive.google.com/file/d/1GcCwsUo1nlqUSnzWWmec3ahSIHeTa-ij/view?usp=drivesdk
267,12583,1E1nYGwVfyUlJsHTLHwUA_NQvG_zIFnqp,1,,2001,2009,GNV (5),https://drive.google.com/file/d/1E1nYGwVfyUlJsHTLHwUA_NQvG_zIFnqp/view?usp=drivesdk
268,12586,1bKJMN3qjuqV3mva9kcXq-m6-q2KECIhG,0,,2010,2023,REF,https://drive.google.com/file/d/1bKJMN3qjuqV3mva9kcXq-m6-q2KECIhG/view?usp=drivesdk
269,12718,1U481Bw2CvavhDwdkEpGsqnVu-fmGjOkD,0,,1998,2005,REF,https://drive.google.com/file/d/1U481Bw2CvavhDwdkEpGsqnVu-fmGjOkD/view?usp=drivesdk
270,12720,1Wu71oloeDtRrLUJ9B9fxcmD7Xb0t3y7I,1,,1998,2005,ORIG,https://drive.google.com/file/d/1Wu71oloeDtRrLUJ9B9fxcmD7Xb0t3y7I/view?usp=drivesdk
271,12721,15NVZKuT2px4HLUgIJo6IDl4G-g9_ufli,0,,2007,2012,ORIG,https://drive.google.com/file/d/15NVZKuT2px4HLUgIJo6IDl4G-g9_ufli/view?usp=drivesdk
272,12755,,0,,2011,2018,ORIG,
273,12841,1n8SLm6dl3y3ilJJP5HPdVpy4GPfa1tkn,0,,2005,2007,ORIG,https://drive.google.com/file/d/1n8SLm6dl3y3ilJJP5HPdVpy4GPfa1tkn/view?usp=drivesdk
274,12853,1M7PLKlH75kM4uQwqSdG8wWChAm4D4sHe,0,,1996,1996,ORIG,https://drive.google.com/file/d/1M7PLKlH75kM4uQwqSdG8wWChAm4D4sHe/view?usp=drivesdk
275,12870,11HmpK5eFYmkLcPYkFtf8pvkD7yQrlvzJ,1,,2009,2023,REF,https://drive.google.com/file/d/11HmpK5eFYmkLcPYkFtf8pvkD7yQrlvzJ/view?usp=drivesdk
276,12969,,0,,2000,2007,ORIG,
277,12978,1LWpqD83upxXkhbgjGQDdWkedWJz2Vwn8,0,,2013,2013,ORIG,https://drive.google.com/file/d/1LWpqD83upxXkhbgjGQDdWkedWJz2Vwn8/view?usp=drivesdk
278,12999,1yPH2K2uBjiXMnczzaGXStHsjNk_JfHME,1,,2007,2013,GNV (5),https://drive.google.com/file/d/1yPH2K2uBjiXMnczzaGXStHsjNk_JfHME/view?usp=drivesdk
279,13085,,0,,2012,2023,PROG,
280,13102,1ptMHrqDMbQ5LEeOAjo7UYeYfyTb6wLAI,1,,2013,2013,REF,https://drive.google.com/file/d/1ptMHrqDMbQ5LEeOAjo7UYeYfyTb6wLAI/view?usp=drivesdk
281,13116,1F8zozJ1kglPAbglCd42Sg6VnMwP8w4Fu,1,,2008,2023,GLP,https://drive.google.com/file/d/1F8zozJ1kglPAbglCd42Sg6VnMwP8w4Fu/view?usp=drivesdk
282,13128,1yRLe8I7MZu7UtUhX_GmhPMYw1LYhhyHm,0,,2009,2023,ORIG,https://drive.google.com/file/d/1yRLe8I7MZu7UtUhX_GmhPMYw1LYhhyHm/view?usp=drivesdk
283,13136,1vvFTHmNnuf8DmU7qMzAQeYBKiPeY4afT,0,,2009,2013,REF,https://drive.google.com/file/d/1vvFTHmNnuf8DmU7qMzAQeYBKiPeY4afT/view?usp=drivesdk
284,13151,1KPIZ28LumlvW7PG8h0KOBosU2eopOFZy,1,,1998,2001,REF,https://drive.google.com/file/d/1KPIZ28LumlvW7PG8h0KOBosU2eopOFZy/view?usp=drivesdk
285,13157,1iYB08-R94lBGF1fyOwowFADhLclQBZkH,0,,2000,2006,ORIG,https://drive.google.com/file/d/1iYB08-R94lBGF1fyOwowFADhLclQBZkH/view?usp=drivesdk
286,13158,1ivHZ2SxoMRvwfyQ8CvOmwb6TpNKGeGVA,1,,2003,2007,GLP,https://drive.google.com/file/d/1ivHZ2SxoMRvwfyQ8CvOmwb6TpNKGeGVA/view?usp=drivesdk
287,13198,1NPReDz2zFUGTajHX3vhsMYkNmfXwCusj,1,,2002,2006,REF/GLP,https://drive.google.com/file/d/1NPReDz2zFUGTajHX3vhsMYkNmfXwCusj/view?usp=drivesdk
288,13208,,1,,2014,2014,REF(blindaje),
289,13209,,0,,2014,2014,REF,
290,13210,1oD4LmmDakwnL5dD1hSIMPYwrEDMHImbr,1,,2011,2013,GNV (4),https://drive.google.com/file/d/1oD4LmmDakwnL5dD1hSIMPYwrEDMHImbr/view?usp=drivesdk
291,13223,1zxsLmKeFLzmTLjJscWecSeq6Eb5Kvlxa,0,,1995,2002,ORIG,https://drive.google.com/file/d/1zxsLmKeFLzmTLjJscWecSeq6Eb5Kvlxa/view?usp=drivesdk
292,13253,19-qzWQP7oESGQQslZQbUOBxr2jpJNxxo,1,,2003,2009,GLP,https://drive.google.com/file/d/19-qzWQP7oESGQQslZQbUOBxr2jpJNxxo/view?usp=drivesdk
293,13264,1Jp9uGIQihH2ZXFK7SHwaQIzdGVbryiee,1,,2006,2023,ORIG,https://drive.google.com/file/d/1Jp9uGIQihH2ZXFK7SHwaQIzdGVbryiee/view?usp=drivesdk
294,13324,1MAFRPNslfKZYxiJ4wwuRhn8ZMMdJD6Bg,1,,2006,2015,GLP,https://drive.google.com/file/d/1MAFRPNslfKZYxiJ4wwuRhn8ZMMdJD6Bg/view?usp=drivesdk
295,13340,1IyZPBFnQWiubC9kfx4zfbW2XcpradYbn,0,,2011,2023,ORIG,https://drive.google.com/file/d/1IyZPBFnQWiubC9kfx4zfbW2XcpradYbn/view?usp=drivesdk
296,13346,,1,,2005,2009,ORIG,
297,13415,11ZxW2Kj4-YGHswg2lccWk9lKoDjgy2YG,0,,2004,2010,ORIG,https://drive.google.com/file/d/11ZxW2Kj4-YGHswg2lccWk9lKoDjgy2YG/view?usp=drivesdk
298,13418,1TghbBxse4dIsSsT5J4w0wVyYkSzW3WnM,1,,2010,2014,REF/GLP,https://drive.google.com/file/d/1TghbBxse4dIsSsT5J4w0wVyYkSzW3WnM/view?usp=drivesdk
299,13420,1sdWcVX35awFUmkV-7OcLzY5MxwMUO41U,1,,2005,2015,REF,https://drive.google.com/file/d/1sdWcVX35awFUmkV-7OcLzY5MxwMUO41U/view?usp=drivesdk
300,13451,1Oh-LIXUTScyvUiwkDOY99GeCSczYxO8b,1,,2009,2013,REF,https://drive.google.com/file/d/1Oh-LIXUTScyvUiwkDOY99GeCSczYxO8b/view?usp=drivesdk
301,13457,1DCWs1lYpoyHTWr-8mOOnNfpNrQLXqZb-,0,,2010,2023,REF,https://drive.google.com/file/d/1DCWs1lYpoyHTWr-8mOOnNfpNrQLXqZb-/view?usp=drivesdk
302,13545,1yb5pSf0y-ck9T5zvOjdoCqIG5enbcNr0,1,,2011,2023,ORIG,https://drive.google.com/file/d/1yb5pSf0y-ck9T5zvOjdoCqIG5enbcNr0/view?usp=drivesdk
303,13634,1_DTnZAx-z5NTSxpE1jF8o0ZdqhO5tMiu,0,,2003,2009,ORIG,https://drive.google.com/file/d/1_DTnZAx-z5NTSxpE1jF8o0ZdqhO5tMiu/view?usp=drivesdk
304,13636,1u-Z3YV8qIiphUftK8dx6psva2_NfrQm1,1,,2009,2016,GNV (5),https://drive.google.com/file/d/1u-Z3YV8qIiphUftK8dx6psva2_NfrQm1/view?usp=drivesdk
305,13702,1NuWUvHHzOfLf3Al7Yi-EyWGzZy46lDZ4,0,,2007,2013,ORIG,https://drive.google.com/file/d/1NuWUvHHzOfLf3Al7Yi-EyWGzZy46lDZ4/view?usp=drivesdk
306,13703,1owzMs0lwmu3UESHiHyaJ5k6PXOglkD8S,0,,1997,2008,ORIG,https://drive.google.com/file/d/1owzMs0lwmu3UESHiHyaJ5k6PXOglkD8S/view?usp=drivesdk
307,13706,1eAvvn9_-gJ-03jnrV0f9itvLIenzWAJc,0,,2007,2013,ORIG,https://drive.google.com/file/d/1eAvvn9_-gJ-03jnrV0f9itvLIenzWAJc/view?usp=drivesdk
308,13714,1l9Y_1tcy0ZXjNDs8msYmoLKbYmx92u8B,1,,2004,2010,GLP,https://drive.google.com/file/d/1l9Y_1tcy0ZXjNDs8msYmoLKbYmx92u8B/view?usp=drivesdk
309,13715,1ZUo8YbHWNWi8yYC7caYeDkzZIAtUVJj3,1,,2012,2023,GNV (4),https://drive.google.com/file/d/1ZUo8YbHWNWi8yYC7caYeDkzZIAtUVJj3/view?usp=drivesdk
310,13732,,1,,2016,2023,GLP,
311,13785,1UwtmHCP522F-_hEP-WwijzXZ6Jd2bNI3,1,,1999,2005,REF,https://drive.google.com/file/d/1UwtmHCP522F-_hEP-WwijzXZ6Jd2bNI3/view?usp=drivesdk
312,13841,,1,,2001,2010,REF,
313,13872,1Ky5vj82931MGqiLvTMWfXELoNoS6EFty,0,,1997,2002,ORIG,https://drive.google.com/file/d/1Ky5vj82931MGqiLvTMWfXELoNoS6EFty/view?usp=drivesdk
314,13956,1QtjZsojdfyhWYfioz0uBjPCgdowo1uNV,0,,2005,2015,ORIG,https://drive.google.com/file/d/1QtjZsojdfyhWYfioz0uBjPCgdowo1uNV/view?usp=drivesdk
315,13957,1Bte9V9oQZGkXfOkoFVpTJ2GAyJxiR7-b,1,,2005,2015,ORIG,https://drive.google.com/file/d/1Bte9V9oQZGkXfOkoFVpTJ2GAyJxiR7-b/view?usp=drivesdk
316,13961,1JsQu-5-FC-_I6tdozDgaMpMEFTifcxF7,0,,2005,2010,REF,https://drive.google.com/file/d/1JsQu-5-FC-_I6tdozDgaMpMEFTifcxF7/view?usp=drivesdk
317,13987,1i3JuaKS_Z32bbmH8oLFYsBGPNmnzXfVx,1,,2012,2023,GNV (5),https://drive.google.com/file/d/1i3JuaKS_Z32bbmH8oLFYsBGPNmnzXfVx/view?usp=drivesdk
318,14014,1L6431PAv9D0IpZlOxuu5VBANpXsJMMYE,0,,2003,2008,REF,https://drive.google.com/file/d/1L6431PAv9D0IpZlOxuu5VBANpXsJMMYE/view?usp=drivesdk
319,14016,1ELB8KwfLCnOxm1KlYvcIj-AdlOzArN4c,1,,2003,2008,REF,https://drive.google.com/file/d/1ELB8KwfLCnOxm1KlYvcIj-AdlOzArN4c/view?usp=drivesdk
320,14138,15ZnUDiv7Yg6z2xTw-xeDKzPX67euYCfV,1,,2007,2012,REF,https://drive.google.com/file/d/15ZnUDiv7Yg6z2xTw-xeDKzPX67euYCfV/view?usp=drivesdk
321,14201,1d3PElP6fK1w40k6s_iQsTeodo3uKz9Gx,1,,2013,2023,GNV (4),https://drive.google.com/file/d/1d3PElP6fK1w40k6s_iQsTeodo3uKz9Gx/view?usp=drivesdk
322,14209,12UQEXDdH-uZyy3uaXO3Xkc6kpnoApBNY,1,,2003,2009,GLP,https://drive.google.com/file/d/12UQEXDdH-uZyy3uaXO3Xkc6kpnoApBNY/view?usp=drivesdk
323,14232,13S-JqQGIW-H9pAOE-DBuPsxcOOTNnsbr,1,,2016,2020,GLP,https://drive.google.com/file/d/13S-JqQGIW-H9pAOE-DBuPsxcOOTNnsbr/view?usp=drivesdk
324,14242,,1,,2002,2009,REF,
325,14243,190PiWM3N2OnN3e6BkQwJycvvAP-gOh3y,1,,2005,2010,REF,https://drive.google.com/file/d/190PiWM3N2OnN3e6BkQwJycvvAP-gOh3y/view?usp=drivesdk
326,14244,,0,,1999,2004,REF,
327,14246,1NTsliGm0WiOehdrjygNfHTsB1i5XkZgm,1,,1999,2004,REF,https://drive.google.com/file/d/1NTsliGm0WiOehdrjygNfHTsB1i5XkZgm/view?usp=drivesdk
328,14256,1sGPakHMUK3m4DcUoBzmOGtQTbnvjAMw8,0,,2006,2011,ORIG,https://drive.google.com/file/d/1sGPakHMUK3m4DcUoBzmOGtQTbnvjAMw8/view?usp=drivesdk
329,14258,,0,,2003,2010,ORIG,
330,14260,1f3C-dvqJUvjfgLblbHFAbd1TDq-r9e4E,1,,2012,2023,ORIG,https://drive.google.com/file/d/1f3C-dvqJUvjfgLblbHFAbd1TDq-r9e4E/view?usp=drivesdk
331,14262,1fjWmhO8BHMSaT7mNNAgOaGiifdVCVqxL,1,,2012,2023,GLP,https://drive.google.com/file/d/1fjWmhO8BHMSaT7mNNAgOaGiifdVCVqxL/view?usp=drivesdk
332,14264,1jNZEQGslFKc01Vwa6dO_EdZsDtDl2IvP,0,,2013,2023,ORIG,https://drive.google.com/file/d/1jNZEQGslFKc01Vwa6dO_EdZsDtDl2IvP/view?usp=drivesdk
333,14312,1c-fqdVj4WSp3O2-IOM_ngEkui4iNiJmw,1,,1998,2003,GLP,https://drive.google.com/file/d/1c-fqdVj4WSp3O2-IOM_ngEkui4iNiJmw/view?usp=drivesdk
334,14314,1FdqTadjoPGXYvmFwHp7xQh1DysvkEWxX,1,,2006,2013,COLECT / GNV(2TQ),https://drive.google.com/file/d/1FdqTadjoPGXYvmFwHp7xQh1DysvkEWxX/view?usp=drivesdk
335,14315,1IwqtBslK-iC0eyqxTVzquPuE5vcMBSjw,0,,2007,2012,ORIG,https://drive.google.com/file/d/1IwqtBslK-iC0eyqxTVzquPuE5vcMBSjw/view?usp=drivesdk
336,14375,1L-JK3-5ZM71kKAjPKt0T44dfg7CT95x_,1,,2011,2023,REF,https://drive.google.com/file/d/1L-JK3-5ZM71kKAjPKt0T44dfg7CT95x_/view?usp=drivesdk
337,14421,1L4l1GYqK0dJDr_uvqtHqBlip8x4sDP6L,0,,2007,2012,REF,https://drive.google.com/file/d/1L4l1GYqK0dJDr_uvqtHqBlip8x4sDP6L/view?usp=drivesdk
338,14422,1-bXCS1BNpw58PRu4Zgc_Jw3z0B9RoOKJ,0,,2007,2013,ORIG,https://drive.google.com/file/d/1-bXCS1BNpw58PRu4Zgc_Jw3z0B9RoOKJ/view?usp=drivesdk
339,14423,,1,,2007,2013,ORIG,
340,14447,1QUPRnvYyeSNnD2-IJqQb63xFinc_joad,0,,2000,2006,ORIG,https://drive.google.com/file/d/1QUPRnvYyeSNnD2-IJqQb63xFinc_joad/view?usp=drivesdk
341,14472,14x8v_bc2mtNoc40fERPwk8eQKW2uukQS,0,,2011,2023,ORIG,https://drive.google.com/file/d/14x8v_bc2mtNoc40fERPwk8eQKW2uukQS/view?usp=drivesdk
342,14474,,0,,2000,2008,ORIG,
343,14475,,0,,2016,2020,ORIG,
344,14540,1KqQx2jcLT0W9L97n2qMWqTzmc3hJpYQJ,1,,2013,2018,ORIG,https://drive.google.com/file/d/1KqQx2jcLT0W9L97n2qMWqTzmc3hJpYQJ/view?usp=drivesdk
345,14567,,0,,2006,2013,ORIG,
346,14604,1NqPi3zpmpSGbHD448Q8bCjKMAkeVTo3d,1,,2007,2011,GLP,https://drive.google.com/file/d/1NqPi3zpmpSGbHD448Q8bCjKMAkeVTo3d/view?usp=drivesdk
347,14608,1EvBgXb0yOu73azw9BsNH2NGJnpALukje,0,,2014,2023,ORIG,https://drive.google.com/file/d/1EvBgXb0yOu73azw9BsNH2NGJnpALukje/view?usp=drivesdk
348,14618,1cZ9-R_eoDQcNxRm3mNZcBrEYOVvbge46,0,,2000,2010,ORIG,https://drive.google.com/file/d/1cZ9-R_eoDQcNxRm3mNZcBrEYOVvbge46/view?usp=drivesdk
349,14663,14n9e8wCzbPMbZBY3ryXYioIJDahFmZsG,1,,2011,2013,GNV (5),https://drive.google.com/file/d/14n9e8wCzbPMbZBY3ryXYioIJDahFmZsG/view?usp=drivesdk
350,14671,1Aq7ogptdvoO57VWzQhvz_0ghU8-MX8TV,0,,2011,2013,REF,https://drive.google.com/file/d/1Aq7ogptdvoO57VWzQhvz_0ghU8-MX8TV/view?usp=drivesdk
351,14913,,0,,2014,2023,REF,
352,14930,1BqjzrDRQRDD8G32vEC26jQkn1Tan0Czo,0,,1998,2006,ORIG,https://drive.google.com/file/d/1BqjzrDRQRDD8G32vEC26jQkn1Tan0Czo/view?usp=drivesdk
353,15157,,1,,2016,2020,GNV (4),
354,15158,1tLy2IbmaY6aY6u_j_R4Kct7W7yhKOS8S,0,,2005,2015,REF (MT 2.5),https://drive.google.com/file/d/1tLy2IbmaY6aY6u_j_R4Kct7W7yhKOS8S/view?usp=drivesdk
355,15251,1cjjceihvcNjHetsexbEG5M23ImFA5Rmg,1,,2015,2023,GLP,https://drive.google.com/file/d/1cjjceihvcNjHetsexbEG5M23ImFA5Rmg/view?usp=drivesdk
356,15262,1Fz39aL3tRYFYZnSegdCvbBuLvhuzKNp8,1,,2007,2013,ORIG,https://drive.google.com/file/d/1Fz39aL3tRYFYZnSegdCvbBuLvhuzKNp8/view?usp=drivesdk
357,15263,1YxzFJU5Xvy_-m_g0MIB7Mx6uasmIeADv,1,,2007,2013,GLP,https://drive.google.com/file/d/1YxzFJU5Xvy_-m_g0MIB7Mx6uasmIeADv/view?usp=drivesdk
358,15264,1BkkX6qqbXpvxCQwRIpAl0RlbvqnP3j-B,1,,2015,2023,GNV (4),https://drive.google.com/file/d/1BkkX6qqbXpvxCQwRIpAl0RlbvqnP3j-B/view?usp=drivesdk
359,15330,,1,,2006,2011,ORIG,
360,15331,1fPbLLStk5HLDwB1X7VjUe80QRBujBP4i,1,,2013,2015,ORIG,https://drive.google.com/file/d/1fPbLLStk5HLDwB1X7VjUe80QRBujBP4i/view?usp=drivesdk
361,15333,,1,,1995,2006,ORIG,
362,15365,172zFdCLdzhIjaPOrux0oMnop0ZX3mqSs,0,,2007,2010,ORIG,https://drive.google.com/file/d/172zFdCLdzhIjaPOrux0oMnop0ZX3mqSs/view?usp=drivesdk
363,15464,,1,,2000,2009,GNV (5),
364,15572,,0,,2010,2023,ORIG,
365,15593,1Vfq_ZFuaU928IQfgLik8uf_SozXkRX1F,0,,2012,2014,REF,https://drive.google.com/file/d/1Vfq_ZFuaU928IQfgLik8uf_SozXkRX1F/view?usp=drivesdk
366,15609,197L_kEQM9yIO1OkPyVJUaMGmLTzhpRi0,0,,2007,2011,ORIG,https://drive.google.com/file/d/197L_kEQM9yIO1OkPyVJUaMGmLTzhpRi0/view?usp=drivesdk
367,15631,1OMGSCaKfmsD07xDMVaElj-h9BhVXQlTZ,0,,2011,2016,ORIG,https://drive.google.com/file/d/1OMGSCaKfmsD07xDMVaElj-h9BhVXQlTZ/view?usp=drivesdk
368,15664,1uPXZWyCkKEL_J8-Jd26O9Ls5VOQHF3iG,0,,2008,2023,ORIG,https://drive.google.com/file/d/1uPXZWyCkKEL_J8-Jd26O9Ls5VOQHF3iG/view?usp=drivesdk
369,15734,,1,,2011,2023,ORIG/GLP,
370,15744,,1,,2007,2014,GNV (5),
371,15902,,0,,1995,2006,ORIG,
372,16089,13uPrrdf9KtP4iOU4Q4On3MVTtgyMSXuq,1,,2000,2006,REF,https://drive.google.com/file/d/13uPrrdf9KtP4iOU4Q4On3MVTtgyMSXuq/view?usp=drivesdk
373,16103,,0,,2016,2016,ORIG,
374,16141,14i92iTzd9eLKtpTt9Wj4dQGfpfn2R21G,1,,2013,2023,GLP,https://drive.google.com/file/d/14i92iTzd9eLKtpTt9Wj4dQGfpfn2R21G/view?usp=drivesdk
375,16155,1kg0aZYI0Kh3uUbT3jG6kUHDuqD8rQzwb,0,,2013,2013,ORIG,https://drive.google.com/file/d/1kg0aZYI0Kh3uUbT3jG6kUHDuqD8rQzwb/view?usp=drivesdk
376,16160,1ma5F-ihY66GXm5pWJAIWf7wPZcvJ9wKI,1,,2006,2016,GNV (5),https://drive.google.com/file/d/1ma5F-ihY66GXm5pWJAIWf7wPZcvJ9wKI/view?usp=drivesdk
377,16192,,1,,2018,2023,GNV (4-5),
378,16228,,0,,2011,2023,REF,
379,16241,1LTC4lQVscwsjmXeHzuGSBFCtD_zj-YOf,1,,2013,2015,GLP,https://drive.google.com/file/d/1LTC4lQVscwsjmXeHzuGSBFCtD_zj-YOf/view?usp=drivesdk
380,16266,1_Shhj1fCHmO41dP1aOmtP3GGp6L_HhK1,1,,2001,2005,ORIG,https://drive.google.com/file/d/1_Shhj1fCHmO41dP1aOmtP3GGp6L_HhK1/view?usp=drivesdk
381,16326,,0,,2003,2007,ORIG,
382,16327,1Km5xxXmyLJ-6qUB8ffvtM2gO4ghM3hLU,0,,2003,2007,REF,https://drive.google.com/file/d/1Km5xxXmyLJ-6qUB8ffvtM2gO4ghM3hLU/view?usp=drivesdk
383,16342,1cXtMj1s3EKckzQADglIfQv5bbG4vZaZB,0,,2013,2023,ORIG,https://drive.google.com/file/d/1cXtMj1s3EKckzQADglIfQv5bbG4vZaZB/view?usp=drivesdk
384,16382,1tVpO9b0x7xJSbSudTBbhEliCtkjEVB8f,1,,2013,2018,REF,https://drive.google.com/file/d/1tVpO9b0x7xJSbSudTBbhEliCtkjEVB8f/view?usp=drivesdk
385,16441,1hP22wBv-F_d9aP89TWKKfsSyHqwdyq02,1,,2010,2015,GLP,https://drive.google.com/file/d/1hP22wBv-F_d9aP89TWKKfsSyHqwdyq02/view?usp=drivesdk
386,16460,,0,,2007,2013,IZQ,
387,16469,,1,,2013,2017,GNV (4),
388,16590,14qMCRpQckUia2B5Szsgt-H5cyJ3jcOqP,1,,2012,2018,REF,https://drive.google.com/file/d/14qMCRpQckUia2B5Szsgt-H5cyJ3jcOqP/view?usp=drivesdk
389,16646,13ej5IlCtnrt-FPrqau5-DIIY4XCU_IwR,1,,2013,2023,ORIG,https://drive.google.com/file/d/13ej5IlCtnrt-FPrqau5-DIIY4XCU_IwR/view?usp=drivesdk
390,16651,1GqiugV8GDBZoQlUnUTqjD2EL15_M-byu,0,,2011,2023,ORIG,https://drive.google.com/file/d/1GqiugV8GDBZoQlUnUTqjD2EL15_M-byu/view?usp=drivesdk
391,16653,,1,,2011,2023,GLP,
392,16882,,1,,2007,2014,ORIG/GLP,
393,17134,1qlG7V7ITwz6eTsOwFglJqvm3qtNi3MAx,1,,2017,2023,GLP,https://drive.google.com/file/d/1qlG7V7ITwz6eTsOwFglJqvm3qtNi3MAx/view?usp=drivesdk
394,17216,1gfst8LKubY-IzY9LQXPMbgflxEPCkjCL,1,,2012,2016,ORIG,https://drive.google.com/file/d/1gfst8LKubY-IzY9LQXPMbgflxEPCkjCL/view?usp=drivesdk
395,17218,,1,,2017,2023,GNV (4),
396,17308,,1,,2016,2016,GLP,
397,17470,,1,,2016,2023,GLP,
398,17471,,1,,2016,2023,GNV (4),
399,17557,1kHsssnt4GBR7Z92wmoOrCvKtcmv3Marz,1,,2006,2012,ORIG,https://drive.google.com/file/d/1kHsssnt4GBR7Z92wmoOrCvKtcmv3Marz/view?usp=drivesdk
400,17650,1QUZdKWusNA8Sl1fCRNjeORnOJvxJJ794,1,,2009,2023,GNV (4),https://drive.google.com/file/d/1QUZdKWusNA8Sl1fCRNjeORnOJvxJJ794/view?usp=drivesdk
401,17685,18f--EjEOb9zDE5EkmN_uVZvIzx61786v,1,,2011,2021,GLP,https://drive.google.com/file/d/18f--EjEOb9zDE5EkmN_uVZvIzx61786v/view?usp=drivesdk
402,17719,1D5hmdDl6kaTUi37JM8c4IPcskW1zmouO,1,,2014,2023,GNV (4),https://drive.google.com/file/d/1D5hmdDl6kaTUi37JM8c4IPcskW1zmouO/view?usp=drivesdk
403,17725,12sKYo_rxN_z1NEnek5AO7iQsKi1egAoU,0,,2015,2023,ORIG,https://drive.google.com/file/d/12sKYo_rxN_z1NEnek5AO7iQsKi1egAoU/view?usp=drivesdk
404,17825,12u6UAU4kvEluZuyOFqa4ZJXCZSXEk9Wv,0,,2016,2023,REF,https://drive.google.com/file/d/12u6UAU4kvEluZuyOFqa4ZJXCZSXEk9Wv/view?usp=drivesdk
405,17909,1316nODtrK11-0nfAUv1VI6RHzv1vLbgs,0,,2011,2023,ORIG,https://drive.google.com/file/d/1316nODtrK11-0nfAUv1VI6RHzv1vLbgs/view?usp=drivesdk
406,17913,137e40XHV98YN2M9cF_SxEuZcMoloUpDk,1,,2016,2023,GNV (5),https://drive.google.com/file/d/137e40XHV98YN2M9cF_SxEuZcMoloUpDk/view?usp=drivesdk
407,18174,139IM1gpisGwMDSe1n25TTbt8qPmOtFDZ,1,,2006,2012,REF,https://drive.google.com/file/d/139IM1gpisGwMDSe1n25TTbt8qPmOtFDZ/view?usp=drivesdk
408,18176,1Km8G3ekmt4hqITzXsRekca6VL4t6Xuqr,1,,2015,2020,COLECT / GLP(80KG),https://drive.google.com/file/d/1Km8G3ekmt4hqITzXsRekca6VL4t6Xuqr/view?usp=drivesdk
409,18346,13B-8nE9QXZGLyM9-cHS6y_oO3--9Lgbe,1,,2017,2023,GNV (4),https://drive.google.com/file/d/13B-8nE9QXZGLyM9-cHS6y_oO3--9Lgbe/view?usp=drivesdk
410,18394,13GCNXsiadR4xh33P4erkS3ChlLR6hF6B,0,,2018,2023,ORIG,https://drive.google.com/file/d/13GCNXsiadR4xh33P4erkS3ChlLR6hF6B/view?usp=drivesdk
411,18845,13RY-6b05lnq9usXipXl0ifrnWByIVlug,1,,2012,2023,GLP,https://drive.google.com/file/d/13RY-6b05lnq9usXipXl0ifrnWByIVlug/view?usp=drivesdk
412,18848,13UkTNi1EspXEuLUE7aDUmricFMLxpVHv,0,,2012,2023,REF,https://drive.google.com/file/d/13UkTNi1EspXEuLUE7aDUmricFMLxpVHv/view?usp=drivesdk
413,18967,13UxaBdSCs-Fy3ix6Sk2msZm2TEeTS7YC,1,,2014,2018,GLP,https://drive.google.com/file/d/13UxaBdSCs-Fy3ix6Sk2msZm2TEeTS7YC/view?usp=drivesdk
414,19022,13ZioQkVplKMhuzYODT48GxXl3GteX_I4,,,2011,2023,ORIG,https://drive.google.com/file/d/13ZioQkVplKMhuzYODT48GxXl3GteX_I4/view?usp=drivesdk
415,19100,1KugjP9VQh5lkH51muntCjvNPd8lUYWSG,0,,2017,2023,ORIG,https://drive.google.com/file/d/1KugjP9VQh5lkH51muntCjvNPd8lUYWSG/view?usp=drivesdk
416,19111,13ap-8WOwJFqxJMbEEyjN-T6_3o65Jf22,0,,2015,2023,ORIG,https://drive.google.com/file/d/13ap-8WOwJFqxJMbEEyjN-T6_3o65Jf22/view?usp=drivesdk
417,19173,13c9HnmqOf21aj3eLLHV4MYPn5mdF1q6O,0,,2012,2023,ORIG,https://drive.google.com/file/d/13c9HnmqOf21aj3eLLHV4MYPn5mdF1q6O/view?usp=drivesdk
418,19179,13gDY9Btw4DsN2M6Wr_FumP-U3tutOu8q,1,,2018,2023,GLP,https://drive.google.com/file/d/13gDY9Btw4DsN2M6Wr_FumP-U3tutOu8q/view?usp=drivesdk
419,19550,13ighF_IYkfFGmbHQSpcRHpEwZu3MNi7z,1,,2016,2023,GNV (5),https://drive.google.com/file/d/13ighF_IYkfFGmbHQSpcRHpEwZu3MNi7z/view?usp=drivesdk
420,19643,13jvFQE6X7DvfmpN5yDQ-wFf1UoJnmwhM,0,,2009,2014,ORIG,https://drive.google.com/file/d/13jvFQE6X7DvfmpN5yDQ-wFf1UoJnmwhM/view?usp=drivesdk
421,20033,13w7JsXr-SYxYBQkJManjLI3kTx5BxvS5,0,,2009,2013,ORIG,https://drive.google.com/file/d/13w7JsXr-SYxYBQkJManjLI3kTx5BxvS5/view?usp=drivesdk
422,20080,14-LouA2jy8G81CyOhWbTZLPRlANrSHHK,0,,2012,2017,ORIG,https://drive.google.com/file/d/14-LouA2jy8G81CyOhWbTZLPRlANrSHHK/view?usp=drivesdk
423,20154,142tFkj9SHBnaHQcrCC65Z0taSa0ZyRLW,0,,2012,2023,REF,https://drive.google.com/file/d/142tFkj9SHBnaHQcrCC65Z0taSa0ZyRLW/view?usp=drivesdk
424,20159,146CmgIyu9VbkPz226HoeMPXiqJjHR9nG,1,,2019,2023,ORIG,https://drive.google.com/file/d/146CmgIyu9VbkPz226HoeMPXiqJjHR9nG/view?usp=drivesdk
425,20775,1KhKE2hUEE0Xdv0jDU4f7gxJDHGWp8L6h,1,,2015,2023,ORIG,https://drive.google.com/file/d/1KhKE2hUEE0Xdv0jDU4f7gxJDHGWp8L6h/view?usp=drivesdk
426,21890,1L-jxJAzTxCwcvgGChQ7UqmpxscCRcxYE,1,,2019,2023,GNV (4),https://drive.google.com/file/d/1L-jxJAzTxCwcvgGChQ7UqmpxscCRcxYE/view?usp=drivesdk
427,22040,,0,,2019,2023,ORIG,
428,22152,14bp0QMLj73BOB38A83Hd99_N9_jZC3am,0,,2013,2018,ORIG,https://drive.google.com/file/d/14bp0QMLj73BOB38A83Hd99_N9_jZC3am/view?usp=drivesdk
429,22153,1L4iWih5ohc1bhnnin_99qhFESDmceNiH,1,,2013,2018,GLP,https://drive.google.com/file/d/1L4iWih5ohc1bhnnin_99qhFESDmceNiH/view?usp=drivesdk
430,22283,15GCS_tue77W0iHLORo12nYkYEtrdX_ws,1,,2022,2023,GNV(4),https://drive.google.com/file/d/15GCS_tue77W0iHLORo12nYkYEtrdX_ws/view?usp=drivesdk
431,22305,1L3prK3wnTIIU30WEuzjQ1XTAoX7iXrEf,1,,2022,2023,GNV(4) 2TQ,https://drive.google.com/file/d/1L3prK3wnTIIU30WEuzjQ1XTAoX7iXrEf/view?usp=drivesdk
432,22583,1KfeH7_ucut8F_YRvl-jQKlyQ1_kjYZD9,1,,2020,2023,GNV(4),https://drive.google.com/file/d/1KfeH7_ucut8F_YRvl-jQKlyQ1_kjYZD9/view?usp=drivesdk
433,22618,14u0vC2VVGSaCI7jm--wL7KaqWQKdPRLN,1,,2012,2016,GNV(4),https://drive.google.com/file/d/14u0vC2VVGSaCI7jm--wL7KaqWQKdPRLN/view?usp=drivesdk
434,22619,14ckbVfp4HkdXccBIEELVmmHO8pPqv8wv,1,,2020,2023,GNV(3),https://drive.google.com/file/d/14ckbVfp4HkdXccBIEELVmmHO8pPqv8wv/view?usp=drivesdk
435,22620,14uu8OSMNvQYBCOzkeAGdt0PAZ_UkQTRm,0,,2020,2023,REF,https://drive.google.com/file/d/14uu8OSMNvQYBCOzkeAGdt0PAZ_UkQTRm/view?usp=drivesdk
436,22703,14vmoF2WLTjTQ-KNzvG6DgMeA2Sj4fy42,1,,2020,2023,GNV(4),https://drive.google.com/file/d/14vmoF2WLTjTQ-KNzvG6DgMeA2Sj4fy42/view?usp=drivesdk
437,22799,14a_ETe0YdFJoHYQ0RedjlkxQF9kCwVdb,0,,2013,2018,REF,https://drive.google.com/file/d/14a_ETe0YdFJoHYQ0RedjlkxQF9kCwVdb/view?usp=drivesdk
438,22811,1Kvgg-8VLu0djEX7JcL72uNmnqFpDNDcd,0,,2019,2023,REF,https://drive.google.com/file/d/1Kvgg-8VLu0djEX7JcL72uNmnqFpDNDcd/view?usp=drivesdk
439,22812,1Ko8Puwy_oviudjdnyevcCyj4d0Vi5qqA,1,,2019,2023,GLP,https://drive.google.com/file/d/1Ko8Puwy_oviudjdnyevcCyj4d0Vi5qqA/view?usp=drivesdk
440,22821,1L6vSqdeYriiZhuyHAWH1Zwy6Bd5XuwbY,0,,2019,2023,REF,https://drive.google.com/file/d/1L6vSqdeYriiZhuyHAWH1Zwy6Bd5XuwbY/view?usp=drivesdk
441,22822,15LxiEjYNzIAeR5HgrS43YpdfNvO9-CLD,1,,2019,2023,GLP,https://drive.google.com/file/d/15LxiEjYNzIAeR5HgrS43YpdfNvO9-CLD/view?usp=drivesdk
442,23162,1L9t4CMsw7IPBHx-976ksl34mfo1ez4-P,0,,2019,2023,REF,https://drive.google.com/file/d/1L9t4CMsw7IPBHx-976ksl34mfo1ez4-P/view?usp=drivesdk
443,23234,,1,,2013,2018,ORIG,
444,23274,,1,,2012,2023,GNV(4),
445,23330,,0,,2017,2024,REF,
446,Y000009670,14BAGCASxZEL3UOPgDbkjJrf8AxIvfXt6,0,,2005,2015,REF,https://drive.google.com/file/d/14BAGCASxZEL3UOPgDbkjJrf8AxIvfXt6/view?usp=drivesdk
447,Y999000074,1L2mZyzXlqljwseFEmyw2lM52omtbsfS-,1,,1992,2000,ORIG,https://drive.google.com/file/d/1L2mZyzXlqljwseFEmyw2lM52omtbsfS-/view?usp=drivesdk
448,Y999000479,1L2vVlvSD-BRTEsEP60rXqcpCw7Osw9oE,1,,1984,1992,REF,https://drive.google.com/file/d/1L2vVlvSD-BRTEsEP60rXqcpCw7Osw9oE/view?usp=drivesdk
449,Y999000483,14HJiRKbBnld4HWWJvOCiopYcmn94EGyx,1,,1990,2006,GNV (1TQ),https://drive.google.com/file/d/14HJiRKbBnld4HWWJvOCiopYcmn94EGyx/view?usp=drivesdk
450,Y999005121,14MK1KxAqL9NZ8jpYka0X3Tm1knwyv5Cl,1,,1998,2010,REF,https://drive.google.com/file/d/14MK1KxAqL9NZ8jpYka0X3Tm1knwyv5Cl/view?usp=drivesdk
451,Y999008249,14sqdXqAzMeYWdvTiayuQatWnwcuGvhTm,1,,2008,2014,GLP,https://drive.google.com/file/d/14sqdXqAzMeYWdvTiayuQatWnwcuGvhTm/view?usp=drivesdk
452,Y999008545,14U7_J-aQVTJr1TEACVeNdgRXxwvBZ9LD,1,,2001,2005,ORIG,https://drive.google.com/file/d/14U7_J-aQVTJr1TEACVeNdgRXxwvBZ9LD/view?usp=drivesdk
453,Y999009841,14Mm8DElnppVjyZZpPreNUoZtZKQXctU2,1,,2013,2023,GLP/GNV (3),https://drive.google.com/file/d/14Mm8DElnppVjyZZpPreNUoZtZKQXctU2/view?usp=drivesdk
454,Y999010324,14jzeaR7_qjvCeCfzxf52hc4KwjclP3ZF,1,,2003,2009,ORIG,https://drive.google.com/file/d/14jzeaR7_qjvCeCfzxf52hc4KwjclP3ZF/view?usp=drivesdk